,Unnamed: 0,Route_ID,startMilepost,endMilepost,Average daily traffic counts Year_2015,"RteType (IS= Interstate, SR= State Route)",Number of Lanes DECR MP direction,Number of Lanes INCR MP direction,Unnamed: 7,Comments,rush_hour_rate,prev_sect_id,next_sect_id,rush_hour_decr_mp,rush_hour_incr_mp,delta_incr,delta_decr,free_flow_decr,free_flow_incr,flow_decr_ap_0.0,flow_incr_ap_0.0,flow_decr_ap_0.1,flow_incr_ap_0.1,flow_decr_ap_0.2,flow_incr_ap_0.2,flow_decr_ap_0.3,flow_incr_ap_0.3,flow_decr_ap_0.4,flow_incr_ap_0.4,flow_decr_ap_0.5,flow_incr_ap_0.5,flow_decr_ap_0.6,flow_incr_ap_0.6,flow_decr_ap_0.7,flow_incr_ap_0.7,flow_decr_ap_0.8,flow_incr_ap_0.8,flow_decr_ap_0.9,flow_incr_ap_0.9,flow_decr_ap_1.0,flow_incr_ap_1.0
0,0,5,100.93,101.87,65000,IS,3,3,,Olympia,5200.0,-1,1,2600,2600,2600.0,-800.0,4800,4800,4800.0,4800.0,4895.310068904201,4895.310068904201,4993.109579906645,4993.109579906645,5094.109802178262,5094.109802178262,5197.955101133586,5197.955101133586,5305.712380529006,5305.712380529006,5417.737274949989,5417.737274949989,5534.741053567459,5534.741053567459,5658.146254723271,5658.146254723271,5790.797955101133,5790.797955101133,5942,5942
1,1,5,101.87,103.17,85000,IS,3,3,,,6800.0,0,2,3400,3400,800.0,-920.0,4800,4800,4800.0,4800.0,4895.310068904201,4895.310068904201,4993.109579906645,4993.109579906645,5094.109802178262,5094.109802178262,5197.955101133586,5197.955101133586,5305.712380529006,5305.712380529006,5417.737274949989,5417.737274949989,5534.741053567459,5534.741053567459,5658.146254723271,5658.146254723271,5790.797955101133,5790.797955101133,5942,5942
2,2,5,103.17,103.42,108000,IS,3,3,,,8640.0,1,3,4320,4320,920.0,280.0,4800,4800,4800.0,4800.0,4895.310068904201,4895.310068904201,4993.109579906645,4993.109579906645,5094.109802178262,5094.109802178262,5197.955101133586,5197.955101133586,5305.712380529006,5305.712380529006,5417.737274949989,5417.737274949989,5534.741053567459,5534.741053567459,5658.146254723271,5658.146254723271,5790.797955101133,5790.797955101133,5942,5942
3,3,5,103.42,104.81,101000,IS,3,3,,,8080.0,2,4,4040,4040,-280.0,-897.0,4800,4800,4800.0,4800.0,4895.310068904201,4895.310068904201,4993.109579906645,4993.109579906645,5094.109802178262,5094.109802178262,5197.955101133586,5197.955101133586,5305.712380529006,5305.712380529006,5417.737274949989,5417.737274949989,5534.741053567459,5534.741053567459,5658.146254723271,5658.146254723271,5790.797955101133,5790.797955101133,5942,5942
4,4,5,104.81,105.63,144000,IS,3,4,,Rte 101 intersection,11520.0,3,5,4937,6582,2542.0,720.0,4800,6400,4800.0,6400.0,4895.310068904201,6527.080091872269,4993.109579906645,6657.4794398755275,5094.109802178262,6792.146402904349,5197.955101133586,6930.606801511448,5305.712380529006,7074.283174038675,5417.737274949989,7223.6496999333185,5534.741053567459,7379.654738089946,5658.146254723271,7544.195006297696,5790.797955101133,7721.063940134844,5942,7923
5,5,5,105.63,106.23,123000,IS,3,4,,,9840.0,4,6,4217,5622,-960.0,-685.0,4800,6400,4800.0,6400.0,4895.310068904201,6527.080091872269,4993.109579906645,6657.4794398755275,5094.109802178262,6792.146402904349,5197.955101133586,6930.606801511448,5305.712380529006,7074.283174038675,5417.737274949989,7223.6496999333185,5534.741053567459,7379.654738089946,5658.146254723271,7544.195006297696,5790.797955101133,7721.063940134844,5942,7923
6,6,5,106.23,107.09,143000,IS,3,4,,,11440.0,5,7,4902,6537,915.0,-58.0,4800,6400,4800.0,6400.0,4895.310068904201,6527.080091872269,4993.109579906645,6657.4794398755275,5094.109802178262,6792.146402904349,5197.955101133586,6930.606801511448,5305.712380529006,7074.283174038675,5417.737274949989,7223.6496999333185,5534.741053567459,7379.654738089946,5658.146254723271,7544.195006297696,5790.797955101133,7721.063940134844,5942,7923
7,7,5,107.09,107.74,124000,IS,4,4,,,9920.0,6,8,4960,4960,-1577.0,-440.0,6400,6400,6400.0,6400.0,6527.080091872269,6527.080091872269,6657.4794398755275,6657.4794398755275,6792.146402904349,6792.146402904349,6930.606801511448,6930.606801511448,7074.283174038675,7074.283174038675,7223.6496999333185,7223.6496999333185,7379.654738089946,7379.654738089946,7544.195006297696,7544.195006297696,7721.063940134844,7721.063940134844,7923,7923
8,8,5,107.74,108.46,135000,IS,4,4,,,10800.0,7,9,5400,5400,440.0,98.0,6400,6400,6400.0,6400.0,6527.080091872269,6527.080091872269,6657.4794398755275,6657.4794398755275,6792.146402904349,6792.146402904349,6930.606801511448,6930.606801511448,7074.283174038675,7074.283174038675,7223.6496999333185,7223.6496999333185,7379.654738089946,7379.654738089946,7544.195006297696,7544.195006297696,7721.063940134844,7721.063940134844,7923,7923
9,9,5,108.46,108.94,116000,IS,4,3,,,9280.0,8,10,5302,3977,-1423.0,1302.0,6400,4800,6400.0,4800.0,6527.080091872269,4895.310068904201,6657.4794398755275,4993.109579906645,6792.146402904349,5094.109802178262,6930.606801511448,5197.955101133586,7074.283174038675,5305.712380529006,7223.6496999333185,5417.737274949989,7379.654738089946,5534.741053567459,7544.195006297696,5658.146254723271,7721.063940134844,5790.797955101133,7923,5942
10,10,5,108.94,109.52,100000,IS,3,3,,,8000.0,9,11,4000,4000,23.0,-760.0,4800,4800,4800.0,4800.0,4895.310068904201,4895.310068904201,4993.109579906645,4993.109579906645,5094.109802178262,5094.109802178262,5197.955101133586,5197.955101133586,5305.712380529006,5305.712380529006,5417.737274949989,5417.737274949989,5534.741053567459,5534.741053567459,5658.146254723271,5658.146254723271,5790.797955101133,5790.797955101133,5942,5942
11,11,5,109.52,111.43,119000,IS,3,3,,,9520.0,10,12,4760,4760,760.0,1200.0,4800,4800,4800.0,4800.0,4895.310068904201,4895.310068904201,4993.109579906645,4993.109579906645,5094.109802178262,5094.109802178262,5197.955101133586,5197.955101133586,5305.712380529006,5305.712380529006,5417.737274949989,5417.737274949989,5534.741053567459,5534.741053567459,5658.146254723271,5658.146254723271,5790.797955101133,5790.797955101133,5942,5942
12,12,5,111.43,112.43,89000,IS,3,3,,SR 510 intersection,7120.0,11,13,3560,3560,-1200.0,-640.0,4800,4800,4800.0,4800.0,4895.310068904201,4895.310068904201,4993.109579906645,4993.109579906645,5094.109802178262,5094.109802178262,5197.955101133586,5197.955101133586,5305.712380529006,5305.712380529006,5417.737274949989,5417.737274949989,5534.741053567459,5534.741053567459,5658.146254723271,5658.146254723271,5790.797955101133,5790.797955101133,5942,5942
13,13,5,112.43,113.85,105000,IS,3,3,,,8400.0,12,14,4200,4200,640.0,160.0,4800,4800,4800.0,4800.0,4895.310068904201,4895.310068904201,4993.109579906645,4993.109579906645,5094.109802178262,5094.109802178262,5197.955101133586,5197.955101133586,5305.712380529006,5305.712380529006,5417.737274949989,5417.737274949989,5534.741053567459,5534.741053567459,5658.146254723271,5658.146254723271,5790.797955101133,5790.797955101133,5942,5942
14,14,5,113.85,114.65,101000,IS,3,3,,,8080.0,13,15,4040,4040,-160.0,-680.0,4800,4800,4800.0,4800.0,4895.310068904201,4895.310068904201,4993.109579906645,4993.109579906645,5094.109802178262,5094.109802178262,5197.955101133586,5197.955101133586,5305.712380529006,5305.712380529006,5417.737274949989,5417.737274949989,5534.741053567459,5534.741053567459,5658.146254723271,5658.146254723271,5790.797955101133,5790.797955101133,5942,5942
15,15,5,114.65,116.42,118000,IS,3,3,,,9440.0,14,16,4720,4720,680.0,0.0,4800,4800,4800.0,4800.0,4895.310068904201,4895.310068904201,4993.109579906645,4993.109579906645,5094.109802178262,5094.109802178262,5197.955101133586,5197.955101133586,5305.712380529006,5305.712380529006,5417.737274949989,5417.737274949989,5534.741053567459,5534.741053567459,5658.146254723271,5658.146254723271,5790.797955101133,5790.797955101133,5942,5942
16,16,5,116.42,117.25,118000,IS,3,3,,,9440.0,15,17,4720,4720,0.0,-400.0,4800,4800,4800.0,4800.0,4895.310068904201,4895.310068904201,4993.109579906645,4993.109579906645,5094.109802178262,5094.109802178262,5197.955101133586,5197.955101133586,5305.712380529006,5305.712380529006,5417.737274949989,5417.737274949989,5534.741053567459,5534.741053567459,5658.146254723271,5658.146254723271,5790.797955101133,5790.797955101133,5942,5942
17,17,5,117.25,117.78,128000,IS,3,3,,,10240.0,16,18,5120,5120,400.0,320.0,4800,4800,4800.0,4800.0,4895.310068904201,4895.310068904201,4993.109579906645,4993.109579906645,5094.109802178262,5094.109802178262,5197.955101133586,5197.955101133586,5305.712380529006,5305.712380529006,5417.737274949989,5417.737274949989,5534.741053567459,5534.741053567459,5658.146254723271,5658.146254723271,5790.797955101133,5790.797955101133,5942,5942
18,18,5,117.78,118.4,120000,IS,3,3,,,9600.0,17,19,4800,4800,-320.0,-360.0,4800,4800,4800.0,4800.0,4895.310068904201,4895.310068904201,4993.109579906645,4993.109579906645,5094.109802178262,5094.109802178262,5197.955101133586,5197.955101133586,5305.712380529006,5305.712380529006,5417.737274949989,5417.737274949989,5534.741053567459,5534.741053567459,5658.146254723271,5658.146254723271,5790.797955101133,5790.797955101133,5942,5942
19,19,5,118.4,118.67,129000,IS,3,3,,,10320.0,18,20,5160,5160,360.0,520.0,4800,4800,4800.0,4800.0,4895.310068904201,4895.310068904201,4993.109579906645,4993.109579906645,5094.109802178262,5094.109802178262,5197.955101133586,5197.955101133586,5305.712380529006,5305.712380529006,5417.737274949989,5417.737274949989,5534.741053567459,5534.741053567459,5658.146254723271,5658.146254723271,5790.797955101133,5790.797955101133,5942,5942
20,20,5,118.67,119.38,116000,IS,3,3,,,9280.0,19,21,4640,4640,-520.0,-360.0,4800,4800,4800.0,4800.0,4895.310068904201,4895.310068904201,4993.109579906645,4993.109579906645,5094.109802178262,5094.109802178262,5197.955101133586,5197.955101133586,5305.712380529006,5305.712380529006,5417.737274949989,5417.737274949989,5534.741053567459,5534.741053567459,5658.146254723271,5658.146254723271,5790.797955101133,5790.797955101133,5942,5942
21,21,5,119.38,120.46,125000,IS,3,3,,,10000.0,20,22,5000,5000,360.0,360.0,4800,4800,4800.0,4800.0,4895.310068904201,4895.310068904201,4993.109579906645,4993.109579906645,5094.109802178262,5094.109802178262,5197.955101133586,5197.955101133586,5305.712380529006,5305.712380529006,5417.737274949989,5417.737274949989,5534.741053567459,5534.741053567459,5658.146254723271,5658.146254723271,5790.797955101133,5790.797955101133,5942,5942
22,22,5,120.46,121.4,116000,IS,3,3,,,9280.0,21,23,4640,4640,-360.0,-800.0,4800,4800,4800.0,4800.0,4895.310068904201,4895.310068904201,4993.109579906645,4993.109579906645,5094.109802178262,5094.109802178262,5197.955101133586,5197.955101133586,5305.712380529006,5305.712380529006,5417.737274949989,5417.737274949989,5534.741053567459,5534.741053567459,5658.146254723271,5658.146254723271,5790.797955101133,5790.797955101133,5942,5942
23,23,5,121.4,122.4,136000,IS,3,3,,,10880.0,22,24,5440,5440,800.0,480.0,4800,4800,4800.0,4800.0,4895.310068904201,4895.310068904201,4993.109579906645,4993.109579906645,5094.109802178262,5094.109802178262,5197.955101133586,5197.955101133586,5305.712380529006,5305.712380529006,5417.737274949989,5417.737274949989,5534.741053567459,5534.741053567459,5658.146254723271,5658.146254723271,5790.797955101133,5790.797955101133,5942,5942
24,24,5,122.4,123.09,124000,IS,3,3,,,9920.0,23,25,4960,4960,-480.0,-600.0,4800,4800,4800.0,4800.0,4895.310068904201,4895.310068904201,4993.109579906645,4993.109579906645,5094.109802178262,5094.109802178262,5197.955101133586,5197.955101133586,5305.712380529006,5305.712380529006,5417.737274949989,5417.737274949989,5534.741053567459,5534.741053567459,5658.146254723271,5658.146254723271,5790.797955101133,5790.797955101133,5942,5942
25,25,5,123.09,123.28,139000,IS,3,3,,,11120.0,24,26,5560,5560,600.0,160.0,4800,4800,4800.0,4800.0,4895.310068904201,4895.310068904201,4993.109579906645,4993.109579906645,5094.109802178262,5094.109802178262,5197.955101133586,5197.955101133586,5305.712380529006,5305.712380529006,5417.737274949989,5417.737274949989,5534.741053567459,5534.741053567459,5658.146254723271,5658.146254723271,5790.797955101133,5790.797955101133,5942,5942
26,26,5,123.28,123.94,135000,IS,4,4,,,10800.0,25,27,5400,5400,-160.0,-680.0,6400,6400,6400.0,6400.0,6527.080091872269,6527.080091872269,6657.4794398755275,6657.4794398755275,6792.146402904349,6792.146402904349,6930.606801511448,6930.606801511448,7074.283174038675,7074.283174038675,7223.6496999333185,7223.6496999333185,7379.654738089946,7379.654738089946,7544.195006297696,7544.195006297696,7721.063940134844,7721.063940134844,7923,7923
27,27,5,123.94,124.33,152000,IS,4,4,,,12160.0,26,28,6080,6080,680.0,600.0,6400,6400,6400.0,6400.0,6527.080091872269,6527.080091872269,6657.4794398755275,6657.4794398755275,6792.146402904349,6792.146402904349,6930.606801511448,6930.606801511448,7074.283174038675,7074.283174038675,7223.6496999333185,7223.6496999333185,7379.654738089946,7379.654738089946,7544.195006297696,7544.195006297696,7721.063940134844,7721.063940134844,7923,7923
28,28,5,124.33,125.09,137000,IS,4,4,,,10960.0,27,29,5480,5480,-600.0,-480.0,6400,6400,6400.0,6400.0,6527.080091872269,6527.080091872269,6657.4794398755275,6657.4794398755275,6792.146402904349,6792.146402904349,6930.606801511448,6930.606801511448,7074.283174038675,7074.283174038675,7223.6496999333185,7223.6496999333185,7379.654738089946,7379.654738089946,7544.195006297696,7544.195006297696,7721.063940134844,7721.063940134844,7923,7923
29,29,5,125.09,125.6,149000,IS,4,4,,,11920.0,28,30,5960,5960,480.0,680.0,6400,6400,6400.0,6400.0,6527.080091872269,6527.080091872269,6657.4794398755275,6657.4794398755275,6792.146402904349,6792.146402904349,6930.606801511448,6930.606801511448,7074.283174038675,7074.283174038675,7223.6496999333185,7223.6496999333185,7379.654738089946,7379.654738089946,7544.195006297696,7544.195006297696,7721.063940134844,7721.063940134844,7923,7923
30,30,5,125.6,126.2,132000,IS,4,4,,,10560.0,29,31,5280,5280,-680.0,-640.0,6400,6400,6400.0,6400.0,6527.080091872269,6527.080091872269,6657.4794398755275,6657.4794398755275,6792.146402904349,6792.146402904349,6930.606801511448,6930.606801511448,7074.283174038675,7074.283174038675,7223.6496999333185,7223.6496999333185,7379.654738089946,7379.654738089946,7544.195006297696,7544.195006297696,7721.063940134844,7721.063940134844,7923,7923
31,31,5,126.2,127.13,148000,IS,4,4,,,11840.0,30,32,5920,5920,640.0,1520.0,6400,6400,6400.0,6400.0,6527.080091872269,6527.080091872269,6657.4794398755275,6657.4794398755275,6792.146402904349,6792.146402904349,6930.606801511448,6930.606801511448,7074.283174038675,7074.283174038675,7223.6496999333185,7223.6496999333185,7379.654738089946,7379.654738089946,7544.195006297696,7544.195006297696,7721.063940134844,7721.063940134844,7923,7923
32,32,5,127.13,128.06,110000,IS,4,4,,SR 512 intersection,8800.0,31,33,4400,4400,-1520.0,-2680.0,6400,6400,6400.0,6400.0,6527.080091872269,6527.080091872269,6657.4794398755275,6657.4794398755275,6792.146402904349,6792.146402904349,6930.606801511448,6930.606801511448,7074.283174038675,7074.283174038675,7223.6496999333185,7223.6496999333185,7379.654738089946,7379.654738089946,7544.195006297696,7544.195006297696,7721.063940134844,7721.063940134844,7923,7923
33,33,5,128.06,128.59,177000,IS,4,4,,,14160.0,32,34,7080,7080,2680.0,320.0,6400,6400,6400.0,6400.0,6527.080091872269,6527.080091872269,6657.4794398755275,6657.4794398755275,6792.146402904349,6792.146402904349,6930.606801511448,6930.606801511448,7074.283174038675,7074.283174038675,7223.6496999333185,7223.6496999333185,7379.654738089946,7379.654738089946,7544.195006297696,7544.195006297696,7721.063940134844,7721.063940134844,7923,7923
34,34,5,128.59,129.36,169000,IS,4,4,,,13520.0,33,35,6760,6760,-320.0,320.0,6400,6400,6400.0,6400.0,6527.080091872269,6527.080091872269,6657.4794398755275,6657.4794398755275,6792.146402904349,6792.146402904349,6930.606801511448,6930.606801511448,7074.283174038675,7074.283174038675,7223.6496999333185,7223.6496999333185,7379.654738089946,7379.654738089946,7544.195006297696,7544.195006297696,7721.063940134844,7721.063940134844,7923,7923
35,35,5,129.36,130.02,161000,IS,4,4,,,12880.0,34,36,6440,6440,-320.0,-1520.0,6400,6400,6400.0,6400.0,6527.080091872269,6527.080091872269,6657.4794398755275,6657.4794398755275,6792.146402904349,6792.146402904349,6930.606801511448,6930.606801511448,7074.283174038675,7074.283174038675,7223.6496999333185,7223.6496999333185,7379.654738089946,7379.654738089946,7544.195006297696,7544.195006297696,7721.063940134844,7721.063940134844,7923,7923
36,36,5,130.02,130.31,199000,IS,4,4,,,15920.0,35,37,7960,7960,1520.0,760.0,6400,6400,6400.0,6400.0,6527.080091872269,6527.080091872269,6657.4794398755275,6657.4794398755275,6792.146402904349,6792.146402904349,6930.606801511448,6930.606801511448,7074.283174038675,7074.283174038675,7223.6496999333185,7223.6496999333185,7379.654738089946,7379.654738089946,7544.195006297696,7544.195006297696,7721.063940134844,7721.063940134844,7923,7923
37,37,5,130.31,131.22,180000,IS,4,4,,,14400.0,36,38,7200,7200,-760.0,-680.0,6400,6400,6400.0,6400.0,6527.080091872269,6527.080091872269,6657.4794398755275,6657.4794398755275,6792.146402904349,6792.146402904349,6930.606801511448,6930.606801511448,7074.283174038675,7074.283174038675,7223.6496999333185,7223.6496999333185,7379.654738089946,7379.654738089946,7544.195006297696,7544.195006297696,7721.063940134844,7721.063940134844,7923,7923
38,38,5,131.22,131.35,197000,IS,4,4,,,15760.0,37,39,7880,7880,680.0,1755.0,6400,6400,6400.0,6400.0,6527.080091872269,6527.080091872269,6657.4794398755275,6657.4794398755275,6792.146402904349,6792.146402904349,6930.606801511448,6930.606801511448,7074.283174038675,7074.283174038675,7223.6496999333185,7223.6496999333185,7379.654738089946,7379.654738089946,7544.195006297696,7544.195006297696,7721.063940134844,7721.063940134844,7923,7923
39,39,5,131.35,132.89,134000,IS,4,3,,SR 16 Intersection,10720.0,38,40,6125,4594,-3286.0,-1372.0,6400,4800,6400.0,4800.0,6527.080091872269,4895.310068904201,6657.4794398755275,4993.109579906645,6792.146402904349,5094.109802178262,6930.606801511448,5197.955101133586,7074.283174038675,5305.712380529006,7223.6496999333185,5417.737274949989,7379.654738089946,5534.741053567459,7544.195006297696,5658.146254723271,7721.063940134844,5790.797955101133,7923,5942
40,40,5,132.89,133.66,164000,IS,4,3,,,13120.0,39,41,7497,5622,1028.0,-274.0,6400,4800,6400.0,4800.0,6527.080091872269,4895.310068904201,6657.4794398755275,4993.109579906645,6792.146402904349,5094.109802178262,6930.606801511448,5197.955101133586,7074.283174038675,5305.712380529006,7223.6496999333185,5417.737274949989,7379.654738089946,5534.741053567459,7544.195006297696,5658.146254723271,7721.063940134844,5790.797955101133,7923,5942
41,41,5,133.66,134.18,170000,IS,4,3,,I705 intersection,13600.0,40,42,7771,5828,206.0,-2514.0,6400,4800,6400.0,4800.0,6527.080091872269,4895.310068904201,6657.4794398755275,4993.109579906645,6792.146402904349,5094.109802178262,6930.606801511448,5197.955101133586,7074.283174038675,5305.712380529006,7223.6496999333185,5417.737274949989,7379.654738089946,5534.741053567459,7544.195006297696,5658.146254723271,7721.063940134844,5790.797955101133,7923,5942
42,42,5,134.18,134.61,225000,IS,4,3,,,18000.0,41,43,10285,7714,1886.0,731.0,6400,4800,6400.0,4800.0,6527.080091872269,4895.310068904201,6657.4794398755275,4993.109579906645,6792.146402904349,5094.109802178262,6930.606801511448,5197.955101133586,7074.283174038675,5305.712380529006,7223.6496999333185,5417.737274949989,7379.654738089946,5534.741053567459,7544.195006297696,5658.146254723271,7721.063940134844,5790.797955101133,7923,5942
43,43,5,134.61,134.97,209000,IS,4,3,,,16720.0,42,44,9554,7165,-549.0,1372.0,6400,4800,6400.0,4800.0,6527.080091872269,4895.310068904201,6657.4794398755275,4993.109579906645,6792.146402904349,5094.109802178262,6930.606801511448,5197.955101133586,7074.283174038675,5305.712380529006,7223.6496999333185,5417.737274949989,7379.654738089946,5534.741053567459,7544.195006297696,5658.146254723271,7721.063940134844,5790.797955101133,7923,5942
44,44,5,134.97,135.32,179000,IS,4,3,,,14320.0,43,45,8182,6137,-1028.0,-18.0,6400,4800,6400.0,4800.0,6527.080091872269,4895.310068904201,6657.4794398755275,4993.109579906645,6792.146402904349,5094.109802178262,6930.606801511448,5197.955101133586,7074.283174038675,5305.712380529006,7223.6496999333185,5417.737274949989,7379.654738089946,5534.741053567459,7544.195006297696,5658.146254723271,7721.063940134844,5790.797955101133,7923,5942
45,45,5,135.32,136.51,205000,IS,4,4,,SR167 Joins,16400.0,44,46,8200,8200,2063.0,480.0,6400,6400,6400.0,6400.0,6527.080091872269,6527.080091872269,6657.4794398755275,6657.4794398755275,6792.146402904349,6792.146402904349,6930.606801511448,6930.606801511448,7074.283174038675,7074.283174038675,7223.6496999333185,7223.6496999333185,7379.654738089946,7379.654738089946,7544.195006297696,7544.195006297696,7721.063940134844,7721.063940134844,7923,7923
46,46,5,136.51,137.15,193000,IS,4,4,,,15440.0,45,47,7720,7720,-480.0,920.0,6400,6400,6400.0,6400.0,6527.080091872269,6527.080091872269,6657.4794398755275,6657.4794398755275,6792.146402904349,6792.146402904349,6930.606801511448,6930.606801511448,7074.283174038675,7074.283174038675,7223.6496999333185,7223.6496999333185,7379.654738089946,7379.654738089946,7544.195006297696,7544.195006297696,7721.063940134844,7721.063940134844,7923,7923
47,47,5,137.15,138.04,170000,IS,4,4,,,13600.0,46,48,6800,6800,-920.0,-800.0,6400,6400,6400.0,6400.0,6527.080091872269,6527.080091872269,6657.4794398755275,6657.4794398755275,6792.146402904349,6792.146402904349,6930.606801511448,6930.606801511448,7074.283174038675,7074.283174038675,7223.6496999333185,7223.6496999333185,7379.654738089946,7379.654738089946,7544.195006297696,7544.195006297696,7721.063940134844,7721.063940134844,7923,7923
48,48,5,138.04,141.64,190000,IS,4,4,,,15200.0,47,49,7600,7600,800.0,2120.0,6400,6400,6400.0,6400.0,6527.080091872269,6527.080091872269,6657.4794398755275,6657.4794398755275,6792.146402904349,6792.146402904349,6930.606801511448,6930.606801511448,7074.283174038675,7074.283174038675,7223.6496999333185,7223.6496999333185,7379.654738089946,7379.654738089946,7544.195006297696,7544.195006297696,7721.063940134844,7721.063940134844,7923,7923
49,49,5,141.64,142.76,137000,IS,5,5,,,10960.0,48,50,5480,5480,-2120.0,-1720.0,8000,8000,8000.0,8000.0,8158.850114840336,8158.850114840336,8321.849299844409,8321.849299844409,8490.183003630436,8490.183003630436,8663.25850188931,8663.25850188931,8842.853967548344,8842.853967548344,9029.562124916649,9029.562124916649,9224.568422612432,9224.568422612432,9430.24375787212,9430.24375787212,9651.329925168555,9651.329925168555,9904,9904
50,50,5,142.76,143.67,180000,IS,5,5,,,14400.0,49,51,7200,7200,1720.0,760.0,8000,8000,8000.0,8000.0,8158.850114840336,8158.850114840336,8321.849299844409,8321.849299844409,8490.183003630436,8490.183003630436,8663.25850188931,8663.25850188931,8842.853967548344,8842.853967548344,9029.562124916649,9029.562124916649,9224.568422612432,9224.568422612432,9430.24375787212,9430.24375787212,9651.329925168555,9651.329925168555,9904,9904
51,51,5,143.67,144.61,161000,IS,5,5,,,12880.0,50,52,6440,6440,-760.0,-1240.0,8000,8000,8000.0,8000.0,8158.850114840336,8158.850114840336,8321.849299844409,8321.849299844409,8490.183003630436,8490.183003630436,8663.25850188931,8663.25850188931,8842.853967548344,8842.853967548344,9029.562124916649,9029.562124916649,9224.568422612432,9224.568422612432,9430.24375787212,9430.24375787212,9651.329925168555,9651.329925168555,9904,9904
52,52,5,144.61,146.49,192000,IS,5,5,,,15360.0,51,53,7680,7680,1240.0,480.0,8000,8000,8000.0,8000.0,8158.850114840336,8158.850114840336,8321.849299844409,8321.849299844409,8490.183003630436,8490.183003630436,8663.25850188931,8663.25850188931,8842.853967548344,8842.853967548344,9029.562124916649,9029.562124916649,9224.568422612432,9224.568422612432,9430.24375787212,9430.24375787212,9651.329925168555,9651.329925168555,9904,9904
53,53,5,146.49,147.28,180000,IS,5,5,,,14400.0,52,54,7200,7200,-480.0,-920.0,8000,8000,8000.0,8000.0,8158.850114840336,8158.850114840336,8321.849299844409,8321.849299844409,8490.183003630436,8490.183003630436,8663.25850188931,8663.25850188931,8842.853967548344,8842.853967548344,9029.562124916649,9029.562124916649,9224.568422612432,9224.568422612432,9430.24375787212,9430.24375787212,9651.329925168555,9651.329925168555,9904,9904
54,54,5,147.28,149.83,203000,IS,5,5,,,16240.0,53,55,8120,8120,920.0,-360.0,8000,8000,8000.0,8000.0,8158.850114840336,8158.850114840336,8321.849299844409,8321.849299844409,8490.183003630436,8490.183003630436,8663.25850188931,8663.25850188931,8842.853967548344,8842.853967548344,9029.562124916649,9029.562124916649,9224.568422612432,9224.568422612432,9430.24375787212,9430.24375787212,9651.329925168555,9651.329925168555,9904,9904
55,55,5,149.83,151.5,212000,IS,5,5,,,16960.0,54,56,8480,8480,360.0,-120.0,8000,8000,8000.0,8000.0,8158.850114840336,8158.850114840336,8321.849299844409,8321.849299844409,8490.183003630436,8490.183003630436,8663.25850188931,8663.25850188931,8842.853967548344,8842.853967548344,9029.562124916649,9029.562124916649,9224.568422612432,9224.568422612432,9430.24375787212,9430.24375787212,9651.329925168555,9651.329925168555,9904,9904
56,56,5,151.5,152.03,215000,IS,5,5,,,17200.0,55,57,8600,8600,120.0,800.0,8000,8000,8000.0,8000.0,8158.850114840336,8158.850114840336,8321.849299844409,8321.849299844409,8490.183003630436,8490.183003630436,8663.25850188931,8663.25850188931,8842.853967548344,8842.853967548344,9029.562124916649,9029.562124916649,9224.568422612432,9224.568422612432,9430.24375787212,9430.24375787212,9651.329925168555,9651.329925168555,9904,9904
57,57,5,152.03,152.72,195000,IS,5,5,,,15600.0,56,58,7800,7800,-800.0,-1160.0,8000,8000,8000.0,8000.0,8158.850114840336,8158.850114840336,8321.849299844409,8321.849299844409,8490.183003630436,8490.183003630436,8663.25850188931,8663.25850188931,8842.853967548344,8842.853967548344,9029.562124916649,9029.562124916649,9224.568422612432,9224.568422612432,9430.24375787212,9430.24375787212,9651.329925168555,9651.329925168555,9904,9904
58,58,5,152.72,155.18,224000,IS,5,5,,I405 intersection,17920.0,57,59,8960,8960,1160.0,-1965.0,8000,8000,8000.0,8000.0,8158.850114840336,8158.850114840336,8321.849299844409,8321.849299844409,8490.183003630436,8490.183003630436,8663.25850188931,8663.25850188931,8842.853967548344,8842.853967548344,9029.562124916649,9029.562124916649,9224.568422612432,9224.568422612432,9430.24375787212,9430.24375787212,9651.329925168555,9651.329925168555,9904,9904
59,59,5,155.18,155.59,239000,IS,4,3,,,19120.0,58,60,10925,8194,-766.0,3281.0,6400,4800,6400.0,4800.0,6527.080091872269,4895.310068904201,6657.4794398755275,4993.109579906645,6792.146402904349,5094.109802178262,6930.606801511448,5197.955101133586,7074.283174038675,5305.712380529006,7223.6496999333185,5417.737274949989,7379.654738089946,5534.741053567459,7544.195006297696,5658.146254723271,7721.063940134844,5790.797955101133,7923,5942
60,60,5,155.59,156.29,172000,IS,5,4,,,13760.0,59,61,7644,6115,-2079.0,4.0,8000,6400,8000.0,6400.0,8158.850114840336,6527.080091872269,8321.849299844409,6657.4794398755275,8490.183003630436,6792.146402904349,8663.25850188931,6930.606801511448,8842.853967548344,7074.283174038675,9029.562124916649,7223.6496999333185,9224.568422612432,7379.654738089946,9430.24375787212,7544.195006297696,9651.329925168555,7721.063940134844,9904,7923
61,61,5,156.29,157.7,191000,IS,4,4,,,15280.0,60,62,7640,7640,1525.0,-80.0,6400,6400,6400.0,6400.0,6527.080091872269,6527.080091872269,6657.4794398755275,6657.4794398755275,6792.146402904349,6792.146402904349,6930.606801511448,6930.606801511448,7074.283174038675,7074.283174038675,7223.6496999333185,7223.6496999333185,7379.654738089946,7379.654738089946,7544.195006297696,7544.195006297696,7721.063940134844,7721.063940134844,7923,7923
62,62,5,157.7,157.85,193000,IS,4,4,,,15440.0,61,63,7720,7720,80.0,200.0,6400,6400,6400.0,6400.0,6527.080091872269,6527.080091872269,6657.4794398755275,6657.4794398755275,6792.146402904349,6792.146402904349,6930.606801511448,6930.606801511448,7074.283174038675,7074.283174038675,7223.6496999333185,7223.6496999333185,7379.654738089946,7379.654738089946,7544.195006297696,7544.195006297696,7721.063940134844,7721.063940134844,7923,7923
63,63,5,157.85,158.32,188000,IS,4,4,,,15040.0,62,64,7520,7520,-200.0,-720.0,6400,6400,6400.0,6400.0,6527.080091872269,6527.080091872269,6657.4794398755275,6657.4794398755275,6792.146402904349,6792.146402904349,6930.606801511448,6930.606801511448,7074.283174038675,7074.283174038675,7223.6496999333185,7223.6496999333185,7379.654738089946,7379.654738089946,7544.195006297696,7544.195006297696,7721.063940134844,7721.063940134844,7923,7923
64,64,5,158.32,160.74,206000,IS,4,4,,,16480.0,63,65,8240,8240,720.0,520.0,6400,6400,6400.0,6400.0,6527.080091872269,6527.080091872269,6657.4794398755275,6657.4794398755275,6792.146402904349,6792.146402904349,6930.606801511448,6930.606801511448,7074.283174038675,7074.283174038675,7223.6496999333185,7223.6496999333185,7379.654738089946,7379.654738089946,7544.195006297696,7544.195006297696,7721.063940134844,7721.063940134844,7923,7923
65,65,5,160.74,162.24,193000,IS,4,4,,,15440.0,64,66,7720,7720,-520.0,-1720.0,6400,6400,6400.0,6400.0,6527.080091872269,6527.080091872269,6657.4794398755275,6657.4794398755275,6792.146402904349,6792.146402904349,6930.606801511448,6930.606801511448,7074.283174038675,7074.283174038675,7223.6496999333185,7223.6496999333185,7379.654738089946,7379.654738089946,7544.195006297696,7544.195006297696,7721.063940134844,7721.063940134844,7923,7923
66,66,5,162.24,162.79,236000,IS,4,4,,,18880.0,65,67,9440,9440,1720.0,2000.0,6400,6400,6400.0,6400.0,6527.080091872269,6527.080091872269,6657.4794398755275,6657.4794398755275,6792.146402904349,6792.146402904349,6930.606801511448,6930.606801511448,7074.283174038675,7074.283174038675,7223.6496999333185,7223.6496999333185,7379.654738089946,7379.654738089946,7544.195006297696,7544.195006297696,7721.063940134844,7721.063940134844,7923,7923
67,67,5,162.79,163.36,186000,IS,3,3,,,14880.0,66,68,7440,7440,-2000.0,-176.0,4800,4800,4800.0,4800.0,4895.310068904201,4895.310068904201,4993.109579906645,4993.109579906645,5094.109802178262,5094.109802178262,5197.955101133586,5197.955101133586,5305.712380529006,5305.712380529006,5417.737274949989,5417.737274949989,5534.741053567459,5534.741053567459,5658.146254723271,5658.146254723271,5790.797955101133,5790.797955101133,5942,5942
68,68,5,163.36,163.48,238000,IS,2,3,,,19040.0,67,69,7616,11424,3984.0,-128.0,3200,4800,3200.0,4800.0,3263.5400459361344,4895.310068904201,3328.7397199377638,4993.109579906645,3396.0732014521745,5094.109802178262,3465.303400755724,5197.955101133586,3537.1415870193373,5305.712380529006,3611.8248499666593,5417.737274949989,3689.827369044973,5534.741053567459,3772.097503148848,5658.146254723271,3860.531970067422,5790.797955101133,3961,5942
69,69,5,163.48,164.22,242000,IS,2,3,,,19360.0,68,70,7744,11616,192.0,2976.0,3200,4800,3200.0,4800.0,3263.5400459361344,4895.310068904201,3328.7397199377638,4993.109579906645,3396.0732014521745,5094.109802178262,3465.303400755724,5197.955101133586,3537.1415870193373,5305.712380529006,3611.8248499666593,5417.737274949989,3689.827369044973,5534.741053567459,3772.097503148848,5658.146254723271,3860.531970067422,5790.797955101133,3961,5942
70,70,5,164.22,165.29,149000,IS,2,3,,I90 intersection,11920.0,69,71,4768,7152,-4464.0,-192.0,3200,4800,3200.0,4800.0,3263.5400459361344,4895.310068904201,3328.7397199377638,4993.109579906645,3396.0732014521745,5094.109802178262,3465.303400755724,5197.955101133586,3537.1415870193373,5305.712380529006,3611.8248499666593,5417.737274949989,3689.827369044973,5534.741053567459,3772.097503148848,5658.146254723271,3860.531970067422,5790.797955101133,3961,5942
71,71,5,165.29,165.67,124000,IS,4,4,,,9920.0,70,72,4960,4960,-2192.0,-2400.0,6400,6400,6400.0,6400.0,6527.080091872269,6527.080091872269,6657.4794398755275,6657.4794398755275,6792.146402904349,6792.146402904349,6930.606801511448,6930.606801511448,7074.283174038675,7074.283174038675,7223.6496999333185,7223.6496999333185,7379.654738089946,7379.654738089946,7544.195006297696,7544.195006297696,7721.063940134844,7721.063940134844,7923,7923
72,72,5,165.67,165.96,184000,IS,4,4,,,14720.0,71,73,7360,7360,2400.0,-920.0,6400,6400,6400.0,6400.0,6527.080091872269,6527.080091872269,6657.4794398755275,6657.4794398755275,6792.146402904349,6792.146402904349,6930.606801511448,6930.606801511448,7074.283174038675,7074.283174038675,7223.6496999333185,7223.6496999333185,7379.654738089946,7379.654738089946,7544.195006297696,7544.195006297696,7721.063940134844,7721.063940134844,7923,7923
73,73,5,165.96,166.15,207000,IS,4,4,,,16560.0,72,74,8280,8280,920.0,560.0,6400,6400,6400.0,6400.0,6527.080091872269,6527.080091872269,6657.4794398755275,6657.4794398755275,6792.146402904349,6792.146402904349,6930.606801511448,6930.606801511448,7074.283174038675,7074.283174038675,7223.6496999333185,7223.6496999333185,7379.654738089946,7379.654738089946,7544.195006297696,7544.195006297696,7721.063940134844,7721.063940134844,7923,7923
74,74,5,166.15,166.66,193000,IS,4,4,,,15440.0,73,75,7720,7720,-560.0,80.0,6400,6400,6400.0,6400.0,6527.080091872269,6527.080091872269,6657.4794398755275,6657.4794398755275,6792.146402904349,6792.146402904349,6930.606801511448,6930.606801511448,7074.283174038675,7074.283174038675,7223.6496999333185,7223.6496999333185,7379.654738089946,7379.654738089946,7544.195006297696,7544.195006297696,7721.063940134844,7721.063940134844,7923,7923
75,75,5,166.66,167.35,191000,IS,4,4,,,15280.0,74,76,7640,7640,-80.0,-1120.0,6400,6400,6400.0,6400.0,6527.080091872269,6527.080091872269,6657.4794398755275,6657.4794398755275,6792.146402904349,6792.146402904349,6930.606801511448,6930.606801511448,7074.283174038675,7074.283174038675,7223.6496999333185,7223.6496999333185,7379.654738089946,7379.654738089946,7544.195006297696,7544.195006297696,7721.063940134844,7721.063940134844,7923,7923
76,76,5,167.35,167.39,219000,IS,4,4,,,17520.0,75,77,8760,8760,1120.0,360.0,6400,6400,6400.0,6400.0,6527.080091872269,6527.080091872269,6657.4794398755275,6657.4794398755275,6792.146402904349,6792.146402904349,6930.606801511448,6930.606801511448,7074.283174038675,7074.283174038675,7223.6496999333185,7223.6496999333185,7379.654738089946,7379.654738089946,7544.195006297696,7544.195006297696,7721.063940134844,7721.063940134844,7923,7923
77,77,5,167.39,167.8,210000,IS,4,4,,,16800.0,76,78,8400,8400,-360.0,2120.0,6400,6400,6400.0,6400.0,6527.080091872269,6527.080091872269,6657.4794398755275,6657.4794398755275,6792.146402904349,6792.146402904349,6930.606801511448,6930.606801511448,7074.283174038675,7074.283174038675,7223.6496999333185,7223.6496999333185,7379.654738089946,7379.654738089946,7544.195006297696,7544.195006297696,7721.063940134844,7721.063940134844,7923,7923
78,78,5,167.8,168.31,157000,IS,4,4,,SR 520 intersection,12560.0,77,79,6280,6280,-2120.0,-1320.0,6400,6400,6400.0,6400.0,6527.080091872269,6527.080091872269,6657.4794398755275,6657.4794398755275,6792.146402904349,6792.146402904349,6930.606801511448,6930.606801511448,7074.283174038675,7074.283174038675,7223.6496999333185,7223.6496999333185,7379.654738089946,7379.654738089946,7544.195006297696,7544.195006297696,7721.063940134844,7721.063940134844,7923,7923
79,79,5,168.31,168.56,190000,IS,4,4,,,15200.0,78,80,7600,7600,1320.0,-640.0,6400,6400,6400.0,6400.0,6527.080091872269,6527.080091872269,6657.4794398755275,6657.4794398755275,6792.146402904349,6792.146402904349,6930.606801511448,6930.606801511448,7074.283174038675,7074.283174038675,7223.6496999333185,7223.6496999333185,7379.654738089946,7379.654738089946,7544.195006297696,7544.195006297696,7721.063940134844,7721.063940134844,7923,7923
80,80,5,168.56,169.01,206000,IS,4,4,,,16480.0,79,81,8240,8240,640.0,1320.0,6400,6400,6400.0,6400.0,6527.080091872269,6527.080091872269,6657.4794398755275,6657.4794398755275,6792.146402904349,6792.146402904349,6930.606801511448,6930.606801511448,7074.283174038675,7074.283174038675,7223.6496999333185,7223.6496999333185,7379.654738089946,7379.654738089946,7544.195006297696,7544.195006297696,7721.063940134844,7721.063940134844,7923,7923
81,81,5,169.01,169.71,173000,IS,4,4,,,13840.0,80,82,6920,6920,-1320.0,80.0,6400,6400,6400.0,6400.0,6527.080091872269,6527.080091872269,6657.4794398755275,6657.4794398755275,6792.146402904349,6792.146402904349,6930.606801511448,6930.606801511448,7074.283174038675,7074.283174038675,7223.6496999333185,7223.6496999333185,7379.654738089946,7379.654738089946,7544.195006297696,7544.195006297696,7721.063940134844,7721.063940134844,7923,7923
82,82,5,169.71,170.04,171000,IS,4,4,,,13680.0,81,83,6840,6840,-80.0,-720.0,6400,6400,6400.0,6400.0,6527.080091872269,6527.080091872269,6657.4794398755275,6657.4794398755275,6792.146402904349,6792.146402904349,6930.606801511448,6930.606801511448,7074.283174038675,7074.283174038675,7223.6496999333185,7223.6496999333185,7379.654738089946,7379.654738089946,7544.195006297696,7544.195006297696,7721.063940134844,7721.063940134844,7923,7923
83,83,5,170.04,170.5,189000,IS,4,4,,,15120.0,82,84,7560,7560,720.0,1200.0,6400,6400,6400.0,6400.0,6527.080091872269,6527.080091872269,6657.4794398755275,6657.4794398755275,6792.146402904349,6792.146402904349,6930.606801511448,6930.606801511448,7074.283174038675,7074.283174038675,7223.6496999333185,7223.6496999333185,7379.654738089946,7379.654738089946,7544.195006297696,7544.195006297696,7721.063940134844,7721.063940134844,7923,7923
84,84,5,170.5,170.91,159000,IS,3,3,,,12720.0,83,85,6360,6360,-1200.0,-520.0,4800,4800,4800.0,4800.0,4895.310068904201,4895.310068904201,4993.109579906645,4993.109579906645,5094.109802178262,5094.109802178262,5197.955101133586,5197.955101133586,5305.712380529006,5305.712380529006,5417.737274949989,5417.737274949989,5534.741053567459,5534.741053567459,5658.146254723271,5658.146254723271,5790.797955101133,5790.797955101133,5942,5942
85,85,5,170.91,171.22,172000,IS,3,3,,,13760.0,84,86,6880,6880,520.0,680.0,4800,4800,4800.0,4800.0,4895.310068904201,4895.310068904201,4993.109579906645,4993.109579906645,5094.109802178262,5094.109802178262,5197.955101133586,5197.955101133586,5305.712380529006,5305.712380529006,5417.737274949989,5417.737274949989,5534.741053567459,5534.741053567459,5658.146254723271,5658.146254723271,5790.797955101133,5790.797955101133,5942,5942
86,86,5,171.22,171.76,155000,IS,3,3,,,12400.0,85,87,6200,6200,-680.0,-880.0,4800,4800,4800.0,4800.0,4895.310068904201,4895.310068904201,4993.109579906645,4993.109579906645,5094.109802178262,5094.109802178262,5197.955101133586,5197.955101133586,5305.712380529006,5305.712380529006,5417.737274949989,5417.737274949989,5534.741053567459,5534.741053567459,5658.146254723271,5658.146254723271,5790.797955101133,5790.797955101133,5942,5942
87,87,5,171.76,172.52,177000,IS,3,3,,,14160.0,86,88,7080,7080,880.0,-400.0,4800,4800,4800.0,4800.0,4895.310068904201,4895.310068904201,4993.109579906645,4993.109579906645,5094.109802178262,5094.109802178262,5197.955101133586,5197.955101133586,5305.712380529006,5305.712380529006,5417.737274949989,5417.737274949989,5534.741053567459,5534.741053567459,5658.146254723271,5658.146254723271,5790.797955101133,5790.797955101133,5942,5942
88,88,5,172.52,173.15,187000,IS,3,3,,,14960.0,87,89,7480,7480,400.0,-1040.0,4800,4800,4800.0,4800.0,4895.310068904201,4895.310068904201,4993.109579906645,4993.109579906645,5094.109802178262,5094.109802178262,5197.955101133586,5197.955101133586,5305.712380529006,5305.712380529006,5417.737274949989,5417.737274949989,5534.741053567459,5534.741053567459,5658.146254723271,5658.146254723271,5790.797955101133,5790.797955101133,5942,5942
89,89,5,173.15,173.51,213000,IS,4,4,,,17040.0,88,90,8520,8520,1040.0,600.0,6400,6400,6400.0,6400.0,6527.080091872269,6527.080091872269,6657.4794398755275,6657.4794398755275,6792.146402904349,6792.146402904349,6930.606801511448,6930.606801511448,7074.283174038675,7074.283174038675,7223.6496999333185,7223.6496999333185,7379.654738089946,7379.654738089946,7544.195006297696,7544.195006297696,7721.063940134844,7721.063940134844,7923,7923
90,90,5,173.51,174.27,198000,IS,4,4,,,15840.0,89,91,7920,7920,-600.0,1000.0,6400,6400,6400.0,6400.0,6527.080091872269,6527.080091872269,6657.4794398755275,6657.4794398755275,6792.146402904349,6792.146402904349,6930.606801511448,6930.606801511448,7074.283174038675,7074.283174038675,7223.6496999333185,7223.6496999333185,7379.654738089946,7379.654738089946,7544.195006297696,7544.195006297696,7721.063940134844,7721.063940134844,7923,7923
91,91,5,174.27,175.1,173000,IS,4,4,,,13840.0,90,92,6920,6920,-1000.0,-840.0,6400,6400,6400.0,6400.0,6527.080091872269,6527.080091872269,6657.4794398755275,6657.4794398755275,6792.146402904349,6792.146402904349,6930.606801511448,6930.606801511448,7074.283174038675,7074.283174038675,7223.6496999333185,7223.6496999333185,7379.654738089946,7379.654738089946,7544.195006297696,7544.195006297696,7721.063940134844,7721.063940134844,7923,7923
92,92,5,175.1,175.28,194000,IS,3,3,,,15520.0,91,93,7760,7760,840.0,40.0,4800,4800,4800.0,4800.0,4895.310068904201,4895.310068904201,4993.109579906645,4993.109579906645,5094.109802178262,5094.109802178262,5197.955101133586,5197.955101133586,5305.712380529006,5305.712380529006,5417.737274949989,5417.737274949989,5534.741053567459,5534.741053567459,5658.146254723271,5658.146254723271,5790.797955101133,5790.797955101133,5942,5942
93,93,5,175.28,175.52,193000,IS,3,3,,,15440.0,92,94,7720,7720,-40.0,-40.0,4800,4800,4800.0,4800.0,4895.310068904201,4895.310068904201,4993.109579906645,4993.109579906645,5094.109802178262,5094.109802178262,5197.955101133586,5197.955101133586,5305.712380529006,5305.712380529006,5417.737274949989,5417.737274949989,5534.741053567459,5534.741053567459,5658.146254723271,5658.146254723271,5790.797955101133,5790.797955101133,5942,5942
94,94,5,175.52,175.79,194000,IS,3,3,,,15520.0,93,95,7760,7760,40.0,840.0,4800,4800,4800.0,4800.0,4895.310068904201,4895.310068904201,4993.109579906645,4993.109579906645,5094.109802178262,5094.109802178262,5197.955101133586,5197.955101133586,5305.712380529006,5305.712380529006,5417.737274949989,5417.737274949989,5534.741053567459,5534.741053567459,5658.146254723271,5658.146254723271,5790.797955101133,5790.797955101133,5942,5942
95,95,5,175.79,176.55,173000,IS,3,3,,,13840.0,94,96,6920,6920,-840.0,-600.0,4800,4800,4800.0,4800.0,4895.310068904201,4895.310068904201,4993.109579906645,4993.109579906645,5094.109802178262,5094.109802178262,5197.955101133586,5197.955101133586,5305.712380529006,5305.712380529006,5417.737274949989,5417.737274949989,5534.741053567459,5534.741053567459,5658.146254723271,5658.146254723271,5790.797955101133,5790.797955101133,5942,5942
96,96,5,176.55,177.17,188000,IS,3,3,,,15040.0,95,97,7520,7520,600.0,1040.0,4800,4800,4800.0,4800.0,4895.310068904201,4895.310068904201,4993.109579906645,4993.109579906645,5094.109802178262,5094.109802178262,5197.955101133586,5197.955101133586,5305.712380529006,5305.712380529006,5417.737274949989,5417.737274949989,5534.741053567459,5534.741053567459,5658.146254723271,5658.146254723271,5790.797955101133,5790.797955101133,5942,5942
97,97,5,177.17,178.61,162000,IS,3,3,,,12960.0,96,98,6480,6480,-1040.0,-840.0,4800,4800,4800.0,4800.0,4895.310068904201,4895.310068904201,4993.109579906645,4993.109579906645,5094.109802178262,5094.109802178262,5197.955101133586,5197.955101133586,5305.712380529006,5305.712380529006,5417.737274949989,5417.737274949989,5534.741053567459,5534.741053567459,5658.146254723271,5658.146254723271,5790.797955101133,5790.797955101133,5942,5942
98,98,5,178.61,179.17,183000,IS,3,3,,,14640.0,97,99,7320,7320,840.0,680.0,4800,4800,4800.0,4800.0,4895.310068904201,4895.310068904201,4993.109579906645,4993.109579906645,5094.109802178262,5094.109802178262,5197.955101133586,5197.955101133586,5305.712380529006,5305.712380529006,5417.737274949989,5417.737274949989,5534.741053567459,5534.741053567459,5658.146254723271,5658.146254723271,5790.797955101133,5790.797955101133,5942,5942
99,99,5,179.17,179.61,166000,IS,3,3,,,13280.0,98,100,6640,6640,-680.0,-1160.0,4800,4800,4800.0,4800.0,4895.310068904201,4895.310068904201,4993.109579906645,4993.109579906645,5094.109802178262,5094.109802178262,5197.955101133586,5197.955101133586,5305.712380529006,5305.712380529006,5417.737274949989,5417.737274949989,5534.741053567459,5534.741053567459,5658.146254723271,5658.146254723271,5790.797955101133,5790.797955101133,5942,5942
100,100,5,179.61,180.36,195000,IS,3,3,,,15600.0,99,101,7800,7800,1160.0,960.0,4800,4800,4800.0,4800.0,4895.310068904201,4895.310068904201,4993.109579906645,4993.109579906645,5094.109802178262,5094.109802178262,5197.955101133586,5197.955101133586,5305.712380529006,5305.712380529006,5417.737274949989,5417.737274949989,5534.741053567459,5534.741053567459,5658.146254723271,5658.146254723271,5790.797955101133,5790.797955101133,5942,5942
101,101,5,180.36,181.31,171000,IS,3,3,,,13680.0,100,102,6840,6840,-960.0,520.0,4800,4800,4800.0,4800.0,4895.310068904201,4895.310068904201,4993.109579906645,4993.109579906645,5094.109802178262,5094.109802178262,5197.955101133586,5197.955101133586,5305.712380529006,5305.712380529006,5417.737274949989,5417.737274949989,5534.741053567459,5534.741053567459,5658.146254723271,5658.146254723271,5790.797955101133,5790.797955101133,5942,5942
102,102,5,181.31,182.59,158000,IS,3,3,,I405 intersection,12640.0,101,103,6320,6320,-520.0,680.0,4800,4800,4800.0,4800.0,4895.310068904201,4895.310068904201,4993.109579906645,4993.109579906645,5094.109802178262,5094.109802178262,5197.955101133586,5197.955101133586,5305.712380529006,5305.712380529006,5417.737274949989,5417.737274949989,5534.741053567459,5534.741053567459,5658.146254723271,5658.146254723271,5790.797955101133,5790.797955101133,5942,5942
103,103,5,182.59,183.19,141000,IS,3,3,,,11280.0,102,104,5640,5640,-680.0,-2200.0,4800,4800,4800.0,4800.0,4895.310068904201,4895.310068904201,4993.109579906645,4993.109579906645,5094.109802178262,5094.109802178262,5197.955101133586,5197.955101133586,5305.712380529006,5305.712380529006,5417.737274949989,5417.737274949989,5534.741053567459,5534.741053567459,5658.146254723271,5658.146254723271,5790.797955101133,5790.797955101133,5942,5942
104,104,5,183.19,183.59,196000,IS,3,3,,,15680.0,103,105,7840,7840,2200.0,1360.0,4800,4800,4800.0,4800.0,4895.310068904201,4895.310068904201,4993.109579906645,4993.109579906645,5094.109802178262,5094.109802178262,5197.955101133586,5197.955101133586,5305.712380529006,5305.712380529006,5417.737274949989,5417.737274949989,5534.741053567459,5534.741053567459,5658.146254723271,5658.146254723271,5790.797955101133,5790.797955101133,5942,5942
105,105,5,183.59,184.47,162000,IS,3,3,,,12960.0,104,106,6480,6480,-1360.0,-960.0,4800,4800,4800.0,4800.0,4895.310068904201,4895.310068904201,4993.109579906645,4993.109579906645,5094.109802178262,5094.109802178262,5197.955101133586,5197.955101133586,5305.712380529006,5305.712380529006,5417.737274949989,5417.737274949989,5534.741053567459,5534.741053567459,5658.146254723271,5658.146254723271,5790.797955101133,5790.797955101133,5942,5942
106,106,5,184.47,186.18,186000,IS,3,3,,,14880.0,105,107,7440,7440,960.0,1360.0,4800,4800,4800.0,4800.0,4895.310068904201,4895.310068904201,4993.109579906645,4993.109579906645,5094.109802178262,5094.109802178262,5197.955101133586,5197.955101133586,5305.712380529006,5305.712380529006,5417.737274949989,5417.737274949989,5534.741053567459,5534.741053567459,5658.146254723271,5658.146254723271,5790.797955101133,5790.797955101133,5942,5942
107,107,5,186.18,186.87,152000,IS,3,3,,,12160.0,106,108,6080,6080,-1360.0,-1040.0,4800,4800,4800.0,4800.0,4895.310068904201,4895.310068904201,4993.109579906645,4993.109579906645,5094.109802178262,5094.109802178262,5197.955101133586,5197.955101133586,5305.712380529006,5305.712380529006,5417.737274949989,5417.737274949989,5534.741053567459,5534.741053567459,5658.146254723271,5658.146254723271,5790.797955101133,5790.797955101133,5942,5942
108,108,5,186.87,187.55,178000,IS,3,3,,,14240.0,107,109,7120,7120,1040.0,200.0,4800,4800,4800.0,4800.0,4895.310068904201,4895.310068904201,4993.109579906645,4993.109579906645,5094.109802178262,5094.109802178262,5197.955101133586,5197.955101133586,5305.712380529006,5305.712380529006,5417.737274949989,5417.737274949989,5534.741053567459,5534.741053567459,5658.146254723271,5658.146254723271,5790.797955101133,5790.797955101133,5942,5942
109,109,5,187.55,188.69,173000,IS,3,3,,,13840.0,108,110,6920,6920,-200.0,1760.0,4800,4800,4800.0,4800.0,4895.310068904201,4895.310068904201,4993.109579906645,4993.109579906645,5094.109802178262,5094.109802178262,5197.955101133586,5197.955101133586,5305.712380529006,5305.712380529006,5417.737274949989,5417.737274949989,5534.741053567459,5534.741053567459,5658.146254723271,5658.146254723271,5790.797955101133,5790.797955101133,5942,5942
110,110,5,188.69,189.97,129000,IS,3,3,,,10320.0,109,111,5160,5160,-1760.0,-2720.0,4800,4800,4800.0,4800.0,4895.310068904201,4895.310068904201,4993.109579906645,4993.109579906645,5094.109802178262,5094.109802178262,5197.955101133586,5197.955101133586,5305.712380529006,5305.712380529006,5417.737274949989,5417.737274949989,5534.741053567459,5534.741053567459,5658.146254723271,5658.146254723271,5790.797955101133,5790.797955101133,5942,5942
111,111,5,189.97,192.47,197000,IS,4,4,,,15760.0,110,112,7880,7880,2720.0,475.0,6400,6400,6400.0,6400.0,6527.080091872269,6527.080091872269,6657.4794398755275,6657.4794398755275,6792.146402904349,6792.146402904349,6930.606801511448,6930.606801511448,7074.283174038675,7074.283174038675,7223.6496999333185,7223.6496999333185,7379.654738089946,7379.654738089946,7544.195006297696,7544.195006297696,7721.063940134844,7721.063940134844,7923,7923
112,112,5,192.47,192.94,162000,IS,4,3,,,12960.0,111,113,7405,5554,-2326.0,994.0,6400,4800,6400.0,4800.0,6527.080091872269,4895.310068904201,6657.4794398755275,4993.109579906645,6792.146402904349,5094.109802178262,6930.606801511448,5197.955101133586,7074.283174038675,5305.712380529006,7223.6496999333185,5417.737274949989,7379.654738089946,5534.741053567459,7544.195006297696,5658.146254723271,7721.063940134844,5790.797955101133,7923,5942
113,113,5,192.94,193.35,187000,IS,3,4,,,14960.0,112,114,6411,8548,2994.0,446.0,4800,6400,4800.0,6400.0,4895.310068904201,6527.080091872269,4993.109579906645,6657.4794398755275,5094.109802178262,6792.146402904349,5197.955101133586,6930.606801511448,5305.712380529006,7074.283174038675,5417.737274949989,7223.6496999333185,5534.741053567459,7379.654738089946,5658.146254723271,7544.195006297696,5790.797955101133,7721.063940134844,5942,7923
114,114,5,193.35,193.65,174000,IS,3,4,,,13920.0,113,115,5965,7954,-594.0,805.0,4800,6400,4800.0,6400.0,4895.310068904201,6527.080091872269,4993.109579906645,6657.4794398755275,5094.109802178262,6792.146402904349,5197.955101133586,6930.606801511448,5305.712380529006,7074.283174038675,5417.737274949989,7223.6496999333185,5534.741053567459,7379.654738089946,5658.146254723271,7544.195006297696,5790.797955101133,7721.063940134844,5942,7923
115,115,5,193.65,194.44,129000,IS,3,3,,,10320.0,114,116,5160,5160,-2794.0,-1040.0,4800,4800,4800.0,4800.0,4895.310068904201,4895.310068904201,4993.109579906645,4993.109579906645,5094.109802178262,5094.109802178262,5197.955101133586,5197.955101133586,5305.712380529006,5305.712380529006,5417.737274949989,5417.737274949989,5534.741053567459,5534.741053567459,5658.146254723271,5658.146254723271,5790.797955101133,5790.797955101133,5942,5942
116,116,5,194.44,194.56,155000,IS,3,3,,,12400.0,115,117,6200,6200,1040.0,840.0,4800,4800,4800.0,4800.0,4895.310068904201,4895.310068904201,4993.109579906645,4993.109579906645,5094.109802178262,5094.109802178262,5197.955101133586,5197.955101133586,5305.712380529006,5305.712380529006,5417.737274949989,5417.737274949989,5534.741053567459,5534.741053567459,5658.146254723271,5658.146254723271,5790.797955101133,5790.797955101133,5942,5942
117,117,5,194.56,198.61,134000,IS,3,3,,,10720.0,116,118,5360,5360,-840.0,-720.0,4800,4800,4800.0,4800.0,4895.310068904201,4895.310068904201,4993.109579906645,4993.109579906645,5094.109802178262,5094.109802178262,5197.955101133586,5197.955101133586,5305.712380529006,5305.712380529006,5417.737274949989,5417.737274949989,5534.741053567459,5534.741053567459,5658.146254723271,5658.146254723271,5790.797955101133,5790.797955101133,5942,5942
118,118,5,198.61,198.95,152000,IS,3,3,,,12160.0,117,119,6080,6080,720.0,1240.0,4800,4800,4800.0,4800.0,4895.310068904201,4895.310068904201,4993.109579906645,4993.109579906645,5094.109802178262,5094.109802178262,5197.955101133586,5197.955101133586,5305.712380529006,5305.712380529006,5417.737274949989,5417.737274949989,5534.741053567459,5534.741053567459,5658.146254723271,5658.146254723271,5790.797955101133,5790.797955101133,5942,5942
119,119,5,198.95,199.58,121000,IS,3,3,,,9680.0,118,120,4840,4840,-1240.0,-600.0,4800,4800,4800.0,4800.0,4895.310068904201,4895.310068904201,4993.109579906645,4993.109579906645,5094.109802178262,5094.109802178262,5197.955101133586,5197.955101133586,5305.712380529006,5305.712380529006,5417.737274949989,5417.737274949989,5534.741053567459,5534.741053567459,5658.146254723271,5658.146254723271,5790.797955101133,5790.797955101133,5942,5942
120,120,5,199.58,200.25,136000,IS,3,3,,,10880.0,119,121,5440,5440,600.0,960.0,4800,4800,4800.0,4800.0,4895.310068904201,4895.310068904201,4993.109579906645,4993.109579906645,5094.109802178262,5094.109802178262,5197.955101133586,5197.955101133586,5305.712380529006,5305.712380529006,5417.737274949989,5417.737274949989,5534.741053567459,5534.741053567459,5658.146254723271,5658.146254723271,5790.797955101133,5790.797955101133,5942,5942
121,121,5,200.25,201.19,112000,IS,3,3,,,8960.0,120,122,4480,4480,-960.0,-400.0,4800,4800,4800.0,4800.0,4895.310068904201,4895.310068904201,4993.109579906645,4993.109579906645,5094.109802178262,5094.109802178262,5197.955101133586,5197.955101133586,5305.712380529006,5305.712380529006,5417.737274949989,5417.737274949989,5534.741053567459,5534.741053567459,5658.146254723271,5658.146254723271,5790.797955101133,5790.797955101133,5942,5942
122,122,5,201.19,202.18,122000,IS,3,3,,,9760.0,121,123,4880,4880,400.0,1040.0,4800,4800,4800.0,4800.0,4895.310068904201,4895.310068904201,4993.109579906645,4993.109579906645,5094.109802178262,5094.109802178262,5197.955101133586,5197.955101133586,5305.712380529006,5305.712380529006,5417.737274949989,5417.737274949989,5534.741053567459,5534.741053567459,5658.146254723271,5658.146254723271,5790.797955101133,5790.797955101133,5942,5942
123,123,5,202.18,202.87,96000,IS,3,3,,,7680.0,122,124,3840,3840,-1040.0,-480.0,4800,4800,4800.0,4800.0,4895.310068904201,4895.310068904201,4993.109579906645,4993.109579906645,5094.109802178262,5094.109802178262,5197.955101133586,5197.955101133586,5305.712380529006,5305.712380529006,5417.737274949989,5417.737274949989,5534.741053567459,5534.741053567459,5658.146254723271,5658.146254723271,5790.797955101133,5790.797955101133,5942,5942
124,124,5,202.87,205.53,108000,IS,3,3,,,8640.0,123,125,4320,4320,480.0,1360.0,4800,4800,4800.0,4800.0,4895.310068904201,4895.310068904201,4993.109579906645,4993.109579906645,5094.109802178262,5094.109802178262,5197.955101133586,5197.955101133586,5305.712380529006,5305.712380529006,5417.737274949989,5417.737274949989,5534.741053567459,5534.741053567459,5658.146254723271,5658.146254723271,5790.797955101133,5790.797955101133,5942,5942
125,125,5,205.53,206.6,74000,IS,3,3,,,5920.0,124,126,2960,2960,-1360.0,-600.0,4800,4800,4800.0,4800.0,4895.310068904201,4895.310068904201,4993.109579906645,4993.109579906645,5094.109802178262,5094.109802178262,5197.955101133586,5197.955101133586,5305.712380529006,5305.712380529006,5417.737274949989,5417.737274949989,5534.741053567459,5534.741053567459,5658.146254723271,5658.146254723271,5790.797955101133,5790.797955101133,5942,5942
126,126,5,206.6,208.46,89000,IS,3,3,,,7120.0,125,127,3560,3560,600.0,600.0,4800,4800,4800.0,4800.0,4895.310068904201,4895.310068904201,4993.109579906645,4993.109579906645,5094.109802178262,5094.109802178262,5197.955101133586,5197.955101133586,5305.712380529006,5305.712380529006,5417.737274949989,5417.737274949989,5534.741053567459,5534.741053567459,5658.146254723271,5658.146254723271,5790.797955101133,5790.797955101133,5942,5942
127,127,5,208.46,209.09,74000,IS,3,3,,,5920.0,126,128,2960,2960,-600.0,-360.0,4800,4800,4800.0,4800.0,4895.310068904201,4895.310068904201,4993.109579906645,4993.109579906645,5094.109802178262,5094.109802178262,5197.955101133586,5197.955101133586,5305.712380529006,5305.712380529006,5417.737274949989,5417.737274949989,5534.741053567459,5534.741053567459,5658.146254723271,5658.146254723271,5790.797955101133,5790.797955101133,5942,5942
128,128,5,209.09,210.05,83000,IS,3,3,,,6640.0,127,129,3320,3320,360.0,200.0,4800,4800,4800.0,4800.0,4895.310068904201,4895.310068904201,4993.109579906645,4993.109579906645,5094.109802178262,5094.109802178262,5197.955101133586,5197.955101133586,5305.712380529006,5305.712380529006,5417.737274949989,5417.737274949989,5534.741053567459,5534.741053567459,5658.146254723271,5658.146254723271,5790.797955101133,5790.797955101133,5942,5942
129,129,5,210.05,210.79,78000,IS,3,3,,,6240.0,128,130,3120,3120,-200.0,-160.0,4800,4800,4800.0,4800.0,4895.310068904201,4895.310068904201,4993.109579906645,4993.109579906645,5094.109802178262,5094.109802178262,5197.955101133586,5197.955101133586,5305.712380529006,5305.712380529006,5417.737274949989,5417.737274949989,5534.741053567459,5534.741053567459,5658.146254723271,5658.146254723271,5790.797955101133,5790.797955101133,5942,5942
130,130,5,210.79,212.37,82000,IS,3,3,,,6560.0,129,131,3280,3280,160.0,840.0,4800,4800,4800.0,4800.0,4895.310068904201,4895.310068904201,4993.109579906645,4993.109579906645,5094.109802178262,5094.109802178262,5197.955101133586,5197.955101133586,5305.712380529006,5305.712380529006,5417.737274949989,5417.737274949989,5534.741053567459,5534.741053567459,5658.146254723271,5658.146254723271,5790.797955101133,5790.797955101133,5942,5942
131,131,5,212.37,213.08,61000,IS,3,3,,,4880.0,130,132,2440,2440,-840.0,-120.0,4800,4800,4800.0,4800.0,4895.310068904201,4895.310068904201,4993.109579906645,4993.109579906645,5094.109802178262,5094.109802178262,5197.955101133586,5197.955101133586,5305.712380529006,5305.712380529006,5417.737274949989,5417.737274949989,5534.741053567459,5534.741053567459,5658.146254723271,5658.146254723271,5790.797955101133,5790.797955101133,5942,5942
132,132,5,213.08,214.8,64000,IS,3,3,,,5120.0,131,133,2560,2560,120.0,160.0,4800,4800,4800.0,4800.0,4895.310068904201,4895.310068904201,4993.109579906645,4993.109579906645,5094.109802178262,5094.109802178262,5197.955101133586,5197.955101133586,5305.712380529006,5305.712380529006,5417.737274949989,5417.737274949989,5534.741053567459,5534.741053567459,5658.146254723271,5658.146254723271,5790.797955101133,5790.797955101133,5942,5942
133,133,5,214.8,215.51,60000,IS,3,3,,,4800.0,132,134,2400,2400,-160.0,-80.0,4800,4800,4800.0,4800.0,4895.310068904201,4895.310068904201,4993.109579906645,4993.109579906645,5094.109802178262,5094.109802178262,5197.955101133586,5197.955101133586,5305.712380529006,5305.712380529006,5417.737274949989,5417.737274949989,5534.741053567459,5534.741053567459,5658.146254723271,5658.146254723271,5790.797955101133,5790.797955101133,5942,5942
134,134,5,215.51,218.33,62000,IS,3,3,,northern boundary of Snohomish County,4960.0,133,-1,2480,2480,80.0,2480.0,4800,4800,4800.0,4800.0,4895.310068904201,4895.310068904201,4993.109579906645,4993.109579906645,5094.109802178262,5094.109802178262,5197.955101133586,5197.955101133586,5305.712380529006,5305.712380529006,5417.737274949989,5417.737274949989,5534.741053567459,5534.741053567459,5658.146254723271,5658.146254723271,5790.797955101133,5790.797955101133,5942,5942
135,135,90,1.94,2.04,13000,SR,2,3,,Start of I90 in downtown Seattle,1040.0,-1,136,416,624,624.0,-1344.0,3200,4800,3200.0,4800.0,3263.5400459361344,4895.310068904201,3328.7397199377638,4993.109579906645,3396.0732014521745,5094.109802178262,3465.303400755724,5197.955101133586,3537.1415870193373,5305.712380529006,3611.8248499666593,5417.737274949989,3689.827369044973,5534.741053567459,3772.097503148848,5658.146254723271,3860.531970067422,5790.797955101133,3961,5942
136,136,90,2.04,2.4,44000,SR,2,2,,,3520.0,135,137,1760,1760,1136.0,840.0,3200,3200,3200.0,3200.0,3263.5400459361344,3263.5400459361344,3328.7397199377638,3328.7397199377638,3396.0732014521745,3396.0732014521745,3465.303400755724,3465.303400755724,3537.1415870193373,3537.1415870193373,3611.8248499666593,3611.8248499666593,3689.827369044973,3689.827369044973,3772.097503148848,3772.097503148848,3860.531970067422,3860.531970067422,3961,3961
137,137,90,2.4,2.54,23000,SR,2,2,,,1840.0,136,138,920,920,-840.0,0.0,3200,3200,3200.0,3200.0,3263.5400459361344,3263.5400459361344,3328.7397199377638,3328.7397199377638,3396.0732014521745,3396.0732014521745,3465.303400755724,3465.303400755724,3537.1415870193373,3537.1415870193373,3611.8248499666593,3611.8248499666593,3689.827369044973,3689.827369044973,3772.097503148848,3772.097503148848,3860.531970067422,3860.531970067422,3961,3961
138,138,90,2.54,2.79,23000,IS,2,2,,,1840.0,137,139,920,920,0.0,-3920.0,3200,3200,3200.0,3200.0,3263.5400459361344,3263.5400459361344,3328.7397199377638,3328.7397199377638,3396.0732014521745,3396.0732014521745,3465.303400755724,3465.303400755724,3537.1415870193373,3537.1415870193373,3611.8248499666593,3611.8248499666593,3689.827369044973,3689.827369044973,3772.097503148848,3772.097503148848,3860.531970067422,3860.531970067422,3961,3961
139,139,90,2.79,3.94,121000,IS,4,4,,Intersection with I5,9680.0,138,140,4840,4840,3920.0,-440.0,6400,6400,6400.0,6400.0,6527.080091872269,6527.080091872269,6657.4794398755275,6657.4794398755275,6792.146402904349,6792.146402904349,6930.606801511448,6930.606801511448,7074.283174038675,7074.283174038675,7223.6496999333185,7223.6496999333185,7379.654738089946,7379.654738089946,7544.195006297696,7544.195006297696,7721.063940134844,7721.063940134844,7923,7923
140,140,90,3.94,5.82,132000,IS,3,3,,,10560.0,139,141,5280,5280,440.0,0.0,4800,4800,4800.0,4800.0,4895.310068904201,4895.310068904201,4993.109579906645,4993.109579906645,5094.109802178262,5094.109802178262,5197.955101133586,5197.955101133586,5305.712380529006,5305.712380529006,5417.737274949989,5417.737274949989,5534.741053567459,5534.741053567459,5658.146254723271,5658.146254723271,5790.797955101133,5790.797955101133,5942,5942
141,141,90,5.82,6.56,132000,IS,3,3,,,10560.0,140,142,5280,5280,0.0,40.0,4800,4800,4800.0,4800.0,4895.310068904201,4895.310068904201,4993.109579906645,4993.109579906645,5094.109802178262,5094.109802178262,5197.955101133586,5197.955101133586,5305.712380529006,5305.712380529006,5417.737274949989,5417.737274949989,5534.741053567459,5534.741053567459,5658.146254723271,5658.146254723271,5790.797955101133,5790.797955101133,5942,5942
142,142,90,6.56,6.85,131000,IS,3,3,,,10480.0,141,143,5240,5240,-40.0,280.0,4800,4800,4800.0,4800.0,4895.310068904201,4895.310068904201,4993.109579906645,4993.109579906645,5094.109802178262,5094.109802178262,5197.955101133586,5197.955101133586,5305.712380529006,5305.712380529006,5417.737274949989,5417.737274949989,5534.741053567459,5534.741053567459,5658.146254723271,5658.146254723271,5790.797955101133,5790.797955101133,5942,5942
143,143,90,6.85,7.64,124000,IS,3,3,,,9920.0,142,144,4960,4960,-280.0,-1080.0,4800,4800,4800.0,4800.0,4895.310068904201,4895.310068904201,4993.109579906645,4993.109579906645,5094.109802178262,5094.109802178262,5197.955101133586,5197.955101133586,5305.712380529006,5305.712380529006,5417.737274949989,5417.737274949989,5534.741053567459,5534.741053567459,5658.146254723271,5658.146254723271,5790.797955101133,5790.797955101133,5942,5942
144,144,90,7.64,8.7,151000,IS,3,3,,,12080.0,143,145,6040,6040,1080.0,-440.0,4800,4800,4800.0,4800.0,4895.310068904201,4895.310068904201,4993.109579906645,4993.109579906645,5094.109802178262,5094.109802178262,5197.955101133586,5197.955101133586,5305.712380529006,5305.712380529006,5417.737274949989,5417.737274949989,5534.741053567459,5534.741053567459,5658.146254723271,5658.146254723271,5790.797955101133,5790.797955101133,5942,5942
145,145,90,8.7,9.61,162000,IS,3,3,,,12960.0,144,146,6480,6480,440.0,2480.0,4800,4800,4800.0,4800.0,4895.310068904201,4895.310068904201,4993.109579906645,4993.109579906645,5094.109802178262,5094.109802178262,5197.955101133586,5197.955101133586,5305.712380529006,5305.712380529006,5417.737274949989,5417.737274949989,5534.741053567459,5534.741053567459,5658.146254723271,5658.146254723271,5790.797955101133,5790.797955101133,5942,5942
146,146,90,9.61,9.87,100000,IS,3,3,,,8000.0,145,147,4000,4000,-2480.0,1000.0,4800,4800,4800.0,4800.0,4895.310068904201,4895.310068904201,4993.109579906645,4993.109579906645,5094.109802178262,5094.109802178262,5197.955101133586,5197.955101133586,5305.712380529006,5305.712380529006,5417.737274949989,5417.737274949989,5534.741053567459,5534.741053567459,5658.146254723271,5658.146254723271,5790.797955101133,5790.797955101133,5942,5942
147,147,90,9.87,10.15,75000,IS,3,3,,,6000.0,146,148,3000,3000,-1000.0,-2840.0,4800,4800,4800.0,4800.0,4895.310068904201,4895.310068904201,4993.109579906645,4993.109579906645,5094.109802178262,5094.109802178262,5197.955101133586,5197.955101133586,5305.712380529006,5305.712380529006,5417.737274949989,5417.737274949989,5534.741053567459,5534.741053567459,5658.146254723271,5658.146254723271,5790.797955101133,5790.797955101133,5942,5942
148,148,90,10.15,11.64,146000,IS,3,3,,,11680.0,147,149,5840,5840,2840.0,1800.0,4800,4800,4800.0,4800.0,4895.310068904201,4895.310068904201,4993.109579906645,4993.109579906645,5094.109802178262,5094.109802178262,5197.955101133586,5197.955101133586,5305.712380529006,5305.712380529006,5417.737274949989,5417.737274949989,5534.741053567459,5534.741053567459,5658.146254723271,5658.146254723271,5790.797955101133,5790.797955101133,5942,5942
149,149,90,11.64,12.34,101000,IS,3,3,,Intersection with I405,8080.0,148,150,4040,4040,-1800.0,-1160.0,4800,4800,4800.0,4800.0,4895.310068904201,4895.310068904201,4993.109579906645,4993.109579906645,5094.109802178262,5094.109802178262,5197.955101133586,5197.955101133586,5305.712380529006,5305.712380529006,5417.737274949989,5417.737274949989,5534.741053567459,5534.741053567459,5658.146254723271,5658.146254723271,5790.797955101133,5790.797955101133,5942,5942
150,150,90,12.34,13.3,130000,IS,3,3,,,10400.0,149,151,5200,5200,1160.0,480.0,4800,4800,4800.0,4800.0,4895.310068904201,4895.310068904201,4993.109579906645,4993.109579906645,5094.109802178262,5094.109802178262,5197.955101133586,5197.955101133586,5305.712380529006,5305.712380529006,5417.737274949989,5417.737274949989,5534.741053567459,5534.741053567459,5658.146254723271,5658.146254723271,5790.797955101133,5790.797955101133,5942,5942
151,151,90,13.3,14.32,118000,IS,3,3,,,9440.0,150,152,4720,4720,-480.0,-400.0,4800,4800,4800.0,4800.0,4895.310068904201,4895.310068904201,4993.109579906645,4993.109579906645,5094.109802178262,5094.109802178262,5197.955101133586,5197.955101133586,5305.712380529006,5305.712380529006,5417.737274949989,5417.737274949989,5534.741053567459,5534.741053567459,5658.146254723271,5658.146254723271,5790.797955101133,5790.797955101133,5942,5942
152,152,90,14.32,15.36,128000,IS,3,3,,,10240.0,151,-1,5120,5120,400.0,5120.0,4800,4800,4800.0,4800.0,4895.310068904201,4895.310068904201,4993.109579906645,4993.109579906645,5094.109802178262,5094.109802178262,5197.955101133586,5197.955101133586,5305.712380529006,5305.712380529006,5417.737274949989,5417.737274949989,5534.741053567459,5534.741053567459,5658.146254723271,5658.146254723271,5790.797955101133,5790.797955101133,5942,5942
153,153,90,15.37,16.31,86000,IS,3,3,,,6880.0,-1,154,3440,3440,3440.0,-440.0,4800,4800,4800.0,4800.0,4895.310068904201,4895.310068904201,4993.109579906645,4993.109579906645,5094.109802178262,5094.109802178262,5197.955101133586,5197.955101133586,5305.712380529006,5305.712380529006,5417.737274949989,5417.737274949989,5534.741053567459,5534.741053567459,5658.146254723271,5658.146254723271,5790.797955101133,5790.797955101133,5942,5942
154,154,90,16.31,16.85,97000,IS,3,3,,,7760.0,153,155,3880,3880,440.0,1120.0,4800,4800,4800.0,4800.0,4895.310068904201,4895.310068904201,4993.109579906645,4993.109579906645,5094.109802178262,5094.109802178262,5197.955101133586,5197.955101133586,5305.712380529006,5305.712380529006,5417.737274949989,5417.737274949989,5534.741053567459,5534.741053567459,5658.146254723271,5658.146254723271,5790.797955101133,5790.797955101133,5942,5942
155,155,90,16.85,18.0,69000,IS,3,3,,,5520.0,154,156,2760,2760,-1120.0,240.0,4800,4800,4800.0,4800.0,4895.310068904201,4895.310068904201,4993.109579906645,4993.109579906645,5094.109802178262,5094.109802178262,5197.955101133586,5197.955101133586,5305.712380529006,5305.712380529006,5417.737274949989,5417.737274949989,5534.741053567459,5534.741053567459,5658.146254723271,5658.146254723271,5790.797955101133,5790.797955101133,5942,5942
156,156,90,18.0,18.38,63000,IS,3,3,,,5040.0,155,157,2520,2520,-240.0,-320.0,4800,4800,4800.0,4800.0,4895.310068904201,4895.310068904201,4993.109579906645,4993.109579906645,5094.109802178262,5094.109802178262,5197.955101133586,5197.955101133586,5305.712380529006,5305.712380529006,5417.737274949989,5417.737274949989,5534.741053567459,5534.741053567459,5658.146254723271,5658.146254723271,5790.797955101133,5790.797955101133,5942,5942
157,157,90,18.38,19.97,71000,IS,3,3,,,5680.0,156,158,2840,2840,320.0,80.0,4800,4800,4800.0,4800.0,4895.310068904201,4895.310068904201,4993.109579906645,4993.109579906645,5094.109802178262,5094.109802178262,5197.955101133586,5197.955101133586,5305.712380529006,5305.712380529006,5417.737274949989,5417.737274949989,5534.741053567459,5534.741053567459,5658.146254723271,5658.146254723271,5790.797955101133,5790.797955101133,5942,5942
158,158,90,19.97,20.75,69000,IS,3,3,,,5520.0,157,159,2760,2760,-80.0,0.0,4800,4800,4800.0,4800.0,4895.310068904201,4895.310068904201,4993.109579906645,4993.109579906645,5094.109802178262,5094.109802178262,5197.955101133586,5197.955101133586,5305.712380529006,5305.712380529006,5417.737274949989,5417.737274949989,5534.741053567459,5534.741053567459,5658.146254723271,5658.146254723271,5790.797955101133,5790.797955101133,5942,5942
159,159,90,20.75,22.22,69000,IS,3,3,,,5520.0,158,160,2760,2760,0.0,440.0,4800,4800,4800.0,4800.0,4895.310068904201,4895.310068904201,4993.109579906645,4993.109579906645,5094.109802178262,5094.109802178262,5197.955101133586,5197.955101133586,5305.712380529006,5305.712380529006,5417.737274949989,5417.737274949989,5534.741053567459,5534.741053567459,5658.146254723271,5658.146254723271,5790.797955101133,5790.797955101133,5942,5942
160,160,90,22.22,22.86,58000,IS,3,3,,,4640.0,159,161,2320,2320,-440.0,-200.0,4800,4800,4800.0,4800.0,4895.310068904201,4895.310068904201,4993.109579906645,4993.109579906645,5094.109802178262,5094.109802178262,5197.955101133586,5197.955101133586,5305.712380529006,5305.712380529006,5417.737274949989,5417.737274949989,5534.741053567459,5534.741053567459,5658.146254723271,5658.146254723271,5790.797955101133,5790.797955101133,5942,5942
161,161,90,22.86,25.37,63000,IS,3,3,,,5040.0,160,-1,2520,2520,200.0,2520.0,4800,4800,4800.0,4800.0,4895.310068904201,4895.310068904201,4993.109579906645,4993.109579906645,5094.109802178262,5094.109802178262,5197.955101133586,5197.955101133586,5305.712380529006,5305.712380529006,5417.737274949989,5417.737274949989,5534.741053567459,5534.741053567459,5658.146254723271,5658.146254723271,5790.797955101133,5790.797955101133,5942,5942
162,162,405,0.0,0.09,75000,IS,3,3,,Intersection with I5,6000.0,-1,163,3000,3000,3000.0,-1400.0,4800,4800,4800.0,4800.0,4895.310068904201,4895.310068904201,4993.109579906645,4993.109579906645,5094.109802178262,5094.109802178262,5197.955101133586,5197.955101133586,5305.712380529006,5305.712380529006,5417.737274949989,5417.737274949989,5534.741053567459,5534.741053567459,5658.146254723271,5658.146254723271,5790.797955101133,5790.797955101133,5942,5942
163,163,405,0.09,0.37,110000,IS,3,3,,,8800.0,162,164,4400,4400,1400.0,-2360.0,4800,4800,4800.0,4800.0,4895.310068904201,4895.310068904201,4993.109579906645,4993.109579906645,5094.109802178262,5094.109802178262,5197.955101133586,5197.955101133586,5305.712380529006,5305.712380529006,5417.737274949989,5417.737274949989,5534.741053567459,5534.741053567459,5658.146254723271,5658.146254723271,5790.797955101133,5790.797955101133,5942,5942
164,164,405,0.37,0.54,169000,IS,3,3,,,13520.0,163,165,6760,6760,2360.0,-280.0,4800,4800,4800.0,4800.0,4895.310068904201,4895.310068904201,4993.109579906645,4993.109579906645,5094.109802178262,5094.109802178262,5197.955101133586,5197.955101133586,5305.712380529006,5305.712380529006,5417.737274949989,5417.737274949989,5534.741053567459,5534.741053567459,5658.146254723271,5658.146254723271,5790.797955101133,5790.797955101133,5942,5942
165,165,405,0.54,0.75,176000,IS,3,3,,,14080.0,164,166,7040,7040,280.0,800.0,4800,4800,4800.0,4800.0,4895.310068904201,4895.310068904201,4993.109579906645,4993.109579906645,5094.109802178262,5094.109802178262,5197.955101133586,5197.955101133586,5305.712380529006,5305.712380529006,5417.737274949989,5417.737274949989,5534.741053567459,5534.741053567459,5658.146254723271,5658.146254723271,5790.797955101133,5790.797955101133,5942,5942
166,166,405,0.75,1.22,156000,IS,3,3,,,12480.0,165,167,6240,6240,-800.0,-520.0,4800,4800,4800.0,4800.0,4895.310068904201,4895.310068904201,4993.109579906645,4993.109579906645,5094.109802178262,5094.109802178262,5197.955101133586,5197.955101133586,5305.712380529006,5305.712380529006,5417.737274949989,5417.737274949989,5534.741053567459,5534.741053567459,5658.146254723271,5658.146254723271,5790.797955101133,5790.797955101133,5942,5942
167,167,405,1.22,2.26,169000,IS,3,3,,,13520.0,166,168,6760,6760,520.0,3040.0,4800,4800,4800.0,4800.0,4895.310068904201,4895.310068904201,4993.109579906645,4993.109579906645,5094.109802178262,5094.109802178262,5197.955101133586,5197.955101133586,5305.712380529006,5305.712380529006,5417.737274949989,5417.737274949989,5534.741053567459,5534.741053567459,5658.146254723271,5658.146254723271,5790.797955101133,5790.797955101133,5942,5942
168,168,405,2.26,2.8,93000,IS,3,3,,Intersection with SR167,7440.0,167,169,3720,3720,-3040.0,-2360.0,4800,4800,4800.0,4800.0,4895.310068904201,4895.310068904201,4993.109579906645,4993.109579906645,5094.109802178262,5094.109802178262,5197.955101133586,5197.955101133586,5305.712380529006,5305.712380529006,5417.737274949989,5417.737274949989,5534.741053567459,5534.741053567459,5658.146254723271,5658.146254723271,5790.797955101133,5790.797955101133,5942,5942
169,169,405,2.8,3.3,152000,IS,3,3,,,12160.0,168,170,6080,6080,2360.0,-800.0,4800,4800,4800.0,4800.0,4895.310068904201,4895.310068904201,4993.109579906645,4993.109579906645,5094.109802178262,5094.109802178262,5197.955101133586,5197.955101133586,5305.712380529006,5305.712380529006,5417.737274949989,5417.737274949989,5534.741053567459,5534.741053567459,5658.146254723271,5658.146254723271,5790.797955101133,5790.797955101133,5942,5942
170,170,405,3.3,3.69,172000,IS,2,2,,,13760.0,169,171,6880,6880,800.0,1680.0,3200,3200,3200.0,3200.0,3263.5400459361344,3263.5400459361344,3328.7397199377638,3328.7397199377638,3396.0732014521745,3396.0732014521745,3465.303400755724,3465.303400755724,3537.1415870193373,3537.1415870193373,3611.8248499666593,3611.8248499666593,3689.827369044973,3689.827369044973,3772.097503148848,3772.097503148848,3860.531970067422,3860.531970067422,3961,3961
171,171,405,3.69,4.5,130000,IS,2,2,,,10400.0,170,172,5200,5200,-1680.0,-320.0,3200,3200,3200.0,3200.0,3263.5400459361344,3263.5400459361344,3328.7397199377638,3328.7397199377638,3396.0732014521745,3396.0732014521745,3465.303400755724,3465.303400755724,3537.1415870193373,3537.1415870193373,3611.8248499666593,3611.8248499666593,3689.827369044973,3689.827369044973,3772.097503148848,3772.097503148848,3860.531970067422,3860.531970067422,3961,3961
172,172,405,4.5,4.79,138000,IS,2,2,,,11040.0,171,173,5520,5520,320.0,-600.0,3200,3200,3200.0,3200.0,3263.5400459361344,3263.5400459361344,3328.7397199377638,3328.7397199377638,3396.0732014521745,3396.0732014521745,3465.303400755724,3465.303400755724,3537.1415870193373,3537.1415870193373,3611.8248499666593,3611.8248499666593,3689.827369044973,3689.827369044973,3772.097503148848,3772.097503148848,3860.531970067422,3860.531970067422,3961,3961
173,173,405,4.79,5.19,153000,IS,2,2,,,12240.0,172,174,6120,6120,600.0,800.0,3200,3200,3200.0,3200.0,3263.5400459361344,3263.5400459361344,3328.7397199377638,3328.7397199377638,3396.0732014521745,3396.0732014521745,3465.303400755724,3465.303400755724,3537.1415870193373,3537.1415870193373,3611.8248499666593,3611.8248499666593,3689.827369044973,3689.827369044973,3772.097503148848,3772.097503148848,3860.531970067422,3860.531970067422,3961,3961
174,174,405,5.19,5.89,133000,IS,2,2,,,10640.0,173,175,5320,5320,-800.0,-600.0,3200,3200,3200.0,3200.0,3263.5400459361344,3263.5400459361344,3328.7397199377638,3328.7397199377638,3396.0732014521745,3396.0732014521745,3465.303400755724,3465.303400755724,3537.1415870193373,3537.1415870193373,3611.8248499666593,3611.8248499666593,3689.827369044973,3689.827369044973,3772.097503148848,3772.097503148848,3860.531970067422,3860.531970067422,3961,3961
175,175,405,5.89,6.34,148000,IS,2,2,,,11840.0,174,176,5920,5920,600.0,160.0,3200,3200,3200.0,3200.0,3263.5400459361344,3263.5400459361344,3328.7397199377638,3328.7397199377638,3396.0732014521745,3396.0732014521745,3465.303400755724,3465.303400755724,3537.1415870193373,3537.1415870193373,3611.8248499666593,3611.8248499666593,3689.827369044973,3689.827369044973,3772.097503148848,3772.097503148848,3860.531970067422,3860.531970067422,3961,3961
176,176,405,6.34,6.72,144000,IS,2,2,,,11520.0,175,177,5760,5760,-160.0,-400.0,3200,3200,3200.0,3200.0,3263.5400459361344,3263.5400459361344,3328.7397199377638,3328.7397199377638,3396.0732014521745,3396.0732014521745,3465.303400755724,3465.303400755724,3537.1415870193373,3537.1415870193373,3611.8248499666593,3611.8248499666593,3689.827369044973,3689.827369044973,3772.097503148848,3772.097503148848,3860.531970067422,3860.531970067422,3961,3961
177,177,405,6.72,7.2,154000,IS,2,2,,,12320.0,176,178,6160,6160,400.0,360.0,3200,3200,3200.0,3200.0,3263.5400459361344,3263.5400459361344,3328.7397199377638,3328.7397199377638,3396.0732014521745,3396.0732014521745,3465.303400755724,3465.303400755724,3537.1415870193373,3537.1415870193373,3611.8248499666593,3611.8248499666593,3689.827369044973,3689.827369044973,3772.097503148848,3772.097503148848,3860.531970067422,3860.531970067422,3961,3961
178,178,405,7.2,7.69,145000,IS,2,2,,,11600.0,177,179,5800,5800,-360.0,-280.0,3200,3200,3200.0,3200.0,3263.5400459361344,3263.5400459361344,3328.7397199377638,3328.7397199377638,3396.0732014521745,3396.0732014521745,3465.303400755724,3465.303400755724,3537.1415870193373,3537.1415870193373,3611.8248499666593,3611.8248499666593,3689.827369044973,3689.827369044973,3772.097503148848,3772.097503148848,3860.531970067422,3860.531970067422,3961,3961
179,179,405,7.69,8.98,152000,IS,2,2,,,12160.0,178,180,6080,6080,280.0,40.0,3200,3200,3200.0,3200.0,3263.5400459361344,3263.5400459361344,3328.7397199377638,3328.7397199377638,3396.0732014521745,3396.0732014521745,3465.303400755724,3465.303400755724,3537.1415870193373,3537.1415870193373,3611.8248499666593,3611.8248499666593,3689.827369044973,3689.827369044973,3772.097503148848,3772.097503148848,3860.531970067422,3860.531970067422,3961,3961
180,180,405,8.98,9.59,151000,IS,2,2,,,12080.0,179,181,6040,6040,-40.0,-400.0,3200,3200,3200.0,3200.0,3263.5400459361344,3263.5400459361344,3328.7397199377638,3328.7397199377638,3396.0732014521745,3396.0732014521745,3465.303400755724,3465.303400755724,3537.1415870193373,3537.1415870193373,3611.8248499666593,3611.8248499666593,3689.827369044973,3689.827369044973,3772.097503148848,3772.097503148848,3860.531970067422,3860.531970067422,3961,3961
181,181,405,9.59,9.96,161000,IS,2,2,,,12880.0,180,182,6440,6440,400.0,560.0,3200,3200,3200.0,3200.0,3263.5400459361344,3263.5400459361344,3328.7397199377638,3328.7397199377638,3396.0732014521745,3396.0732014521745,3465.303400755724,3465.303400755724,3537.1415870193373,3537.1415870193373,3611.8248499666593,3611.8248499666593,3689.827369044973,3689.827369044973,3772.097503148848,3772.097503148848,3860.531970067422,3860.531970067422,3961,3961
182,182,405,9.96,10.56,147000,IS,2,2,,,11760.0,181,183,5880,5880,-560.0,-1200.0,3200,3200,3200.0,3200.0,3263.5400459361344,3263.5400459361344,3328.7397199377638,3328.7397199377638,3396.0732014521745,3396.0732014521745,3465.303400755724,3465.303400755724,3537.1415870193373,3537.1415870193373,3611.8248499666593,3611.8248499666593,3689.827369044973,3689.827369044973,3772.097503148848,3772.097503148848,3860.531970067422,3860.531970067422,3961,3961
183,183,405,10.56,10.93,177000,IS,2,2,,,14160.0,182,184,7080,7080,1200.0,3000.0,3200,3200,3200.0,3200.0,3263.5400459361344,3263.5400459361344,3328.7397199377638,3328.7397199377638,3396.0732014521745,3396.0732014521745,3465.303400755724,3465.303400755724,3537.1415870193373,3537.1415870193373,3611.8248499666593,3611.8248499666593,3689.827369044973,3689.827369044973,3772.097503148848,3772.097503148848,3860.531970067422,3860.531970067422,3961,3961
184,184,405,10.93,11.69,102000,IS,4,4,,Intersection with I90,8160.0,183,185,4080,4080,-3000.0,-3720.0,6400,6400,6400.0,6400.0,6527.080091872269,6527.080091872269,6657.4794398755275,6657.4794398755275,6792.146402904349,6792.146402904349,6930.606801511448,6930.606801511448,7074.283174038675,7074.283174038675,7223.6496999333185,7223.6496999333185,7379.654738089946,7379.654738089946,7544.195006297696,7544.195006297696,7721.063940134844,7721.063940134844,7923,7923
185,185,405,11.69,12.44,195000,IS,4,4,,,15600.0,184,186,7800,7800,3720.0,-291.0,6400,6400,6400.0,6400.0,6527.080091872269,6527.080091872269,6657.4794398755275,6657.4794398755275,6792.146402904349,6792.146402904349,6930.606801511448,6930.606801511448,7074.283174038675,7074.283174038675,7223.6496999333185,7223.6496999333185,7379.654738089946,7379.654738089946,7544.195006297696,7544.195006297696,7721.063940134844,7721.063940134844,7923,7923
186,186,405,12.44,12.99,177000,IS,4,3,,,14160.0,185,187,8091,6068,-1732.0,-686.0,6400,4800,6400.0,4800.0,6527.080091872269,4895.310068904201,6657.4794398755275,4993.109579906645,6792.146402904349,5094.109802178262,6930.606801511448,5197.955101133586,7074.283174038675,5305.712380529006,7223.6496999333185,5417.737274949989,7379.654738089946,5534.741053567459,7544.195006297696,5658.146254723271,7721.063940134844,5790.797955101133,7923,5942
187,187,405,12.99,13.42,192000,IS,4,3,,,15360.0,186,188,8777,6582,514.0,3137.0,6400,4800,6400.0,4800.0,6527.080091872269,4895.310068904201,6657.4794398755275,4993.109579906645,6792.146402904349,5094.109802178262,6930.606801511448,5197.955101133586,7074.283174038675,5305.712380529006,7223.6496999333185,5417.737274949989,7379.654738089946,5534.741053567459,7544.195006297696,5658.146254723271,7721.063940134844,5790.797955101133,7923,5942
188,188,405,13.42,13.78,141000,IS,3,3,,,11280.0,187,189,5640,5640,-942.0,-680.0,4800,4800,4800.0,4800.0,4895.310068904201,4895.310068904201,4993.109579906645,4993.109579906645,5094.109802178262,5094.109802178262,5197.955101133586,5197.955101133586,5305.712380529006,5305.712380529006,5417.737274949989,5417.737274949989,5534.741053567459,5534.741053567459,5658.146254723271,5658.146254723271,5790.797955101133,5790.797955101133,5942,5942
189,189,405,13.78,14.83,158000,IS,3,3,,,12640.0,188,190,6320,6320,680.0,1120.0,4800,4800,4800.0,4800.0,4895.310068904201,4895.310068904201,4993.109579906645,4993.109579906645,5094.109802178262,5094.109802178262,5197.955101133586,5197.955101133586,5305.712380529006,5305.712380529006,5417.737274949989,5417.737274949989,5534.741053567459,5534.741053567459,5658.146254723271,5658.146254723271,5790.797955101133,5790.797955101133,5942,5942
190,190,405,14.83,15.76,130000,IS,3,3,,Intersection with SR520,10400.0,189,191,5200,5200,-1120.0,-2200.0,4800,4800,4800.0,4800.0,4895.310068904201,4895.310068904201,4993.109579906645,4993.109579906645,5094.109802178262,5094.109802178262,5197.955101133586,5197.955101133586,5305.712380529006,5305.712380529006,5417.737274949989,5417.737274949989,5534.741053567459,5534.741053567459,5658.146254723271,5658.146254723271,5790.797955101133,5790.797955101133,5942,5942
191,191,405,15.76,17.05,185000,IS,3,3,,,14800.0,190,192,7400,7400,2200.0,560.0,4800,4800,4800.0,4800.0,4895.310068904201,4895.310068904201,4993.109579906645,4993.109579906645,5094.109802178262,5094.109802178262,5197.955101133586,5197.955101133586,5305.712380529006,5305.712380529006,5417.737274949989,5417.737274949989,5534.741053567459,5534.741053567459,5658.146254723271,5658.146254723271,5790.797955101133,5790.797955101133,5942,5942
192,192,405,17.05,17.62,171000,IS,3,3,,,13680.0,191,193,6840,6840,-560.0,-560.0,4800,4800,4800.0,4800.0,4895.310068904201,4895.310068904201,4993.109579906645,4993.109579906645,5094.109802178262,5094.109802178262,5197.955101133586,5197.955101133586,5305.712380529006,5305.712380529006,5417.737274949989,5417.737274949989,5534.741053567459,5534.741053567459,5658.146254723271,5658.146254723271,5790.797955101133,5790.797955101133,5942,5942
193,193,405,17.62,17.78,185000,IS,3,3,,,14800.0,192,194,7400,7400,560.0,960.0,4800,4800,4800.0,4800.0,4895.310068904201,4895.310068904201,4993.109579906645,4993.109579906645,5094.109802178262,5094.109802178262,5197.955101133586,5197.955101133586,5305.712380529006,5305.712380529006,5417.737274949989,5417.737274949989,5534.741053567459,5534.741053567459,5658.146254723271,5658.146254723271,5790.797955101133,5790.797955101133,5942,5942
194,194,405,17.78,18.6,161000,IS,3,3,,,12880.0,193,195,6440,6440,-960.0,-1280.0,4800,4800,4800.0,4800.0,4895.310068904201,4895.310068904201,4993.109579906645,4993.109579906645,5094.109802178262,5094.109802178262,5197.955101133586,5197.955101133586,5305.712380529006,5305.712380529006,5417.737274949989,5417.737274949989,5534.741053567459,5534.741053567459,5658.146254723271,5658.146254723271,5790.797955101133,5790.797955101133,5942,5942
195,195,405,18.6,19.51,193000,IS,3,3,,,15440.0,194,196,7720,7720,1280.0,1000.0,4800,4800,4800.0,4800.0,4895.310068904201,4895.310068904201,4993.109579906645,4993.109579906645,5094.109802178262,5094.109802178262,5197.955101133586,5197.955101133586,5305.712380529006,5305.712380529006,5417.737274949989,5417.737274949989,5534.741053567459,5534.741053567459,5658.146254723271,5658.146254723271,5790.797955101133,5790.797955101133,5942,5942
196,196,405,19.51,20.27,168000,IS,3,3,,,13440.0,195,197,6720,6720,-1000.0,1440.0,4800,4800,4800.0,4800.0,4895.310068904201,4895.310068904201,4993.109579906645,4993.109579906645,5094.109802178262,5094.109802178262,5197.955101133586,5197.955101133586,5305.712380529006,5305.712380529006,5417.737274949989,5417.737274949989,5534.741053567459,5534.741053567459,5658.146254723271,5658.146254723271,5790.797955101133,5790.797955101133,5942,5942
197,197,405,20.27,21.28,132000,IS,3,3,,,10560.0,196,198,5280,5280,-1440.0,-1280.0,4800,4800,4800.0,4800.0,4895.310068904201,4895.310068904201,4993.109579906645,4993.109579906645,5094.109802178262,5094.109802178262,5197.955101133586,5197.955101133586,5305.712380529006,5305.712380529006,5417.737274949989,5417.737274949989,5534.741053567459,5534.741053567459,5658.146254723271,5658.146254723271,5790.797955101133,5790.797955101133,5942,5942
198,198,405,21.28,22.32,164000,IS,3,3,,,13120.0,197,199,6560,6560,1280.0,480.0,4800,4800,4800.0,4800.0,4895.310068904201,4895.310068904201,4993.109579906645,4993.109579906645,5094.109802178262,5094.109802178262,5197.955101133586,5197.955101133586,5305.712380529006,5305.712380529006,5417.737274949989,5417.737274949989,5534.741053567459,5534.741053567459,5658.146254723271,5658.146254723271,5790.797955101133,5790.797955101133,5942,5942
199,199,405,22.32,23.47,152000,IS,3,3,,,12160.0,198,200,6080,6080,-480.0,1600.0,4800,4800,4800.0,4800.0,4895.310068904201,4895.310068904201,4993.109579906645,4993.109579906645,5094.109802178262,5094.109802178262,5197.955101133586,5197.955101133586,5305.712380529006,5305.712380529006,5417.737274949989,5417.737274949989,5534.741053567459,5534.741053567459,5658.146254723271,5658.146254723271,5790.797955101133,5790.797955101133,5942,5942
200,200,405,23.47,23.88,112000,IS,3,3,,,8960.0,199,201,4480,4480,-1600.0,-480.0,4800,4800,4800.0,4800.0,4895.310068904201,4895.310068904201,4993.109579906645,4993.109579906645,5094.109802178262,5094.109802178262,5197.955101133586,5197.955101133586,5305.712380529006,5305.712380529006,5417.737274949989,5417.737274949989,5534.741053567459,5534.741053567459,5658.146254723271,5658.146254723271,5790.797955101133,5790.797955101133,5942,5942
201,201,405,23.88,24.09,124000,IS,3,3,,,9920.0,200,202,4960,4960,480.0,320.0,4800,4800,4800.0,4800.0,4895.310068904201,4895.310068904201,4993.109579906645,4993.109579906645,5094.109802178262,5094.109802178262,5197.955101133586,5197.955101133586,5305.712380529006,5305.712380529006,5417.737274949989,5417.737274949989,5534.741053567459,5534.741053567459,5658.146254723271,5658.146254723271,5790.797955101133,5790.797955101133,5942,5942
202,202,405,24.09,24.28,116000,IS,3,3,,,9280.0,201,203,4640,4640,-320.0,360.0,4800,4800,4800.0,4800.0,4895.310068904201,4895.310068904201,4993.109579906645,4993.109579906645,5094.109802178262,5094.109802178262,5197.955101133586,5197.955101133586,5305.712380529006,5305.712380529006,5417.737274949989,5417.737274949989,5534.741053567459,5534.741053567459,5658.146254723271,5658.146254723271,5790.797955101133,5790.797955101133,5942,5942
203,203,405,24.28,24.83,107000,IS,3,3,,,8560.0,202,204,4280,4280,-360.0,-840.0,4800,4800,4800.0,4800.0,4895.310068904201,4895.310068904201,4993.109579906645,4993.109579906645,5094.109802178262,5094.109802178262,5197.955101133586,5197.955101133586,5305.712380529006,5305.712380529006,5417.737274949989,5417.737274949989,5534.741053567459,5534.741053567459,5658.146254723271,5658.146254723271,5790.797955101133,5790.797955101133,5942,5942
204,204,405,24.83,26.31,128000,IS,3,3,,,10240.0,203,205,5120,5120,840.0,1480.0,4800,4800,4800.0,4800.0,4895.310068904201,4895.310068904201,4993.109579906645,4993.109579906645,5094.109802178262,5094.109802178262,5197.955101133586,5197.955101133586,5305.712380529006,5305.712380529006,5417.737274949989,5417.737274949989,5534.741053567459,5534.741053567459,5658.146254723271,5658.146254723271,5790.797955101133,5790.797955101133,5942,5942
205,205,405,26.31,27.4,91000,IS,3,3,,,7280.0,204,206,3640,3640,-1480.0,-1120.0,4800,4800,4800.0,4800.0,4895.310068904201,4895.310068904201,4993.109579906645,4993.109579906645,5094.109802178262,5094.109802178262,5197.955101133586,5197.955101133586,5305.712380529006,5305.712380529006,5417.737274949989,5417.737274949989,5534.741053567459,5534.741053567459,5658.146254723271,5658.146254723271,5790.797955101133,5790.797955101133,5942,5942
206,206,405,27.4,29.88,119000,IS,3,3,,,9520.0,205,207,4760,4760,1120.0,2760.0,4800,4800,4800.0,4800.0,4895.310068904201,4895.310068904201,4993.109579906645,4993.109579906645,5094.109802178262,5094.109802178262,5197.955101133586,5197.955101133586,5305.712380529006,5305.712380529006,5417.737274949989,5417.737274949989,5534.741053567459,5534.741053567459,5658.146254723271,5658.146254723271,5790.797955101133,5790.797955101133,5942,5942
207,207,405,29.88,30.21,50000,IS,3,3,,,4000.0,206,208,2000,2000,-2760.0,600.0,4800,4800,4800.0,4800.0,4895.310068904201,4895.310068904201,4993.109579906645,4993.109579906645,5094.109802178262,5094.109802178262,5197.955101133586,5197.955101133586,5305.712380529006,5305.712380529006,5417.737274949989,5417.737274949989,5534.741053567459,5534.741053567459,5658.146254723271,5658.146254723271,5790.797955101133,5790.797955101133,5942,5942
208,208,405,30.21,30.32,35000,IS,3,3,,Intersection with I5,2800.0,207,-1,1400,1400,-600.0,1400.0,4800,4800,4800.0,4800.0,4895.310068904201,4895.310068904201,4993.109579906645,4993.109579906645,5094.109802178262,5094.109802178262,5197.955101133586,5197.955101133586,5305.712380529006,5305.712380529006,5417.737274949989,5417.737274949989,5534.741053567459,5534.741053567459,5658.146254723271,5658.146254723271,5790.797955101133,5790.797955101133,5942,5942
209,209,520,0.0,0.36,48000,SR,2,2,,Intersection with I5,3840.0,-1,210,1920,1920,1920.0,-1240.0,3200,3200,3200.0,3200.0,3263.5400459361344,3263.5400459361344,3328.7397199377638,3328.7397199377638,3396.0732014521745,3396.0732014521745,3465.303400755724,3465.303400755724,3537.1415870193373,3537.1415870193373,3611.8248499666593,3611.8248499666593,3689.827369044973,3689.827369044973,3772.097503148848,3772.097503148848,3860.531970067422,3860.531970067422,3961,3961
210,210,520,0.36,0.85,79000,SR,2,2,,,6320.0,209,211,3160,3160,1240.0,1360.0,3200,3200,3200.0,3200.0,3263.5400459361344,3263.5400459361344,3328.7397199377638,3328.7397199377638,3396.0732014521745,3396.0732014521745,3465.303400755724,3465.303400755724,3537.1415870193373,3537.1415870193373,3611.8248499666593,3611.8248499666593,3689.827369044973,3689.827369044973,3772.097503148848,3772.097503148848,3860.531970067422,3860.531970067422,3961,3961
211,211,520,0.85,1.43,45000,SR,2,2,,,3600.0,210,212,1800,1800,-1360.0,-640.0,3200,3200,3200.0,3200.0,3263.5400459361344,3263.5400459361344,3328.7397199377638,3328.7397199377638,3396.0732014521745,3396.0732014521745,3465.303400755724,3465.303400755724,3537.1415870193373,3537.1415870193373,3611.8248499666593,3611.8248499666593,3689.827369044973,3689.827369044973,3772.097503148848,3772.097503148848,3860.531970067422,3860.531970067422,3961,3961
212,212,520,1.43,1.63,61000,SR,2,2,,,4880.0,211,213,2440,2440,640.0,-280.0,3200,3200,3200.0,3200.0,3263.5400459361344,3263.5400459361344,3328.7397199377638,3328.7397199377638,3396.0732014521745,3396.0732014521745,3465.303400755724,3465.303400755724,3537.1415870193373,3537.1415870193373,3611.8248499666593,3611.8248499666593,3689.827369044973,3689.827369044973,3772.097503148848,3772.097503148848,3860.531970067422,3860.531970067422,3961,3961
213,213,520,1.63,4.4,68000,SR,2,2,,,5440.0,212,214,2720,2720,280.0,280.0,3200,3200,3200.0,3200.0,3263.5400459361344,3263.5400459361344,3328.7397199377638,3328.7397199377638,3396.0732014521745,3396.0732014521745,3465.303400755724,3465.303400755724,3537.1415870193373,3537.1415870193373,3611.8248499666593,3611.8248499666593,3689.827369044973,3689.827369044973,3772.097503148848,3772.097503148848,3860.531970067422,3860.531970067422,3961,3961
214,214,520,4.4,5.39,61000,SR,2,2,,,4880.0,213,215,2440,2440,-280.0,-640.0,3200,3200,3200.0,3200.0,3263.5400459361344,3263.5400459361344,3328.7397199377638,3328.7397199377638,3396.0732014521745,3396.0732014521745,3465.303400755724,3465.303400755724,3537.1415870193373,3537.1415870193373,3611.8248499666593,3611.8248499666593,3689.827369044973,3689.827369044973,3772.097503148848,3772.097503148848,3860.531970067422,3860.531970067422,3961,3961
215,215,520,5.39,5.6,77000,SR,2,2,,,6160.0,214,216,3080,3080,640.0,600.0,3200,3200,3200.0,3200.0,3263.5400459361344,3263.5400459361344,3328.7397199377638,3328.7397199377638,3396.0732014521745,3396.0732014521745,3465.303400755724,3465.303400755724,3537.1415870193373,3537.1415870193373,3611.8248499666593,3611.8248499666593,3689.827369044973,3689.827369044973,3772.097503148848,3772.097503148848,3860.531970067422,3860.531970067422,3961,3961
216,216,520,5.6,6.52,62000,SR,2,2,,,4960.0,215,217,2480,2480,-600.0,-600.0,3200,3200,3200.0,3200.0,3263.5400459361344,3263.5400459361344,3328.7397199377638,3328.7397199377638,3396.0732014521745,3396.0732014521745,3465.303400755724,3465.303400755724,3537.1415870193373,3537.1415870193373,3611.8248499666593,3611.8248499666593,3689.827369044973,3689.827369044973,3772.097503148848,3772.097503148848,3860.531970067422,3860.531970067422,3961,3961
217,217,520,6.52,6.93,77000,SR,2,2,,,6160.0,216,218,3080,3080,600.0,-1280.0,3200,3200,3200.0,3200.0,3263.5400459361344,3263.5400459361344,3328.7397199377638,3328.7397199377638,3396.0732014521745,3396.0732014521745,3465.303400755724,3465.303400755724,3537.1415870193373,3537.1415870193373,3611.8248499666593,3611.8248499666593,3689.827369044973,3689.827369044973,3772.097503148848,3772.097503148848,3860.531970067422,3860.531970067422,3961,3961
218,218,520,6.93,9.6,109000,SR,2,2,,Intersection with I405,8720.0,217,219,4360,4360,1280.0,560.0,3200,3200,3200.0,3200.0,3263.5400459361344,3263.5400459361344,3328.7397199377638,3328.7397199377638,3396.0732014521745,3396.0732014521745,3465.303400755724,3465.303400755724,3537.1415870193373,3537.1415870193373,3611.8248499666593,3611.8248499666593,3689.827369044973,3689.827369044973,3772.097503148848,3772.097503148848,3860.531970067422,3860.531970067422,3961,3961
219,219,520,9.6,9.72,95000,SR,2,2,,,7600.0,218,220,3800,3800,-560.0,1080.0,3200,3200,3200.0,3200.0,3263.5400459361344,3263.5400459361344,3328.7397199377638,3328.7397199377638,3396.0732014521745,3396.0732014521745,3465.303400755724,3465.303400755724,3537.1415870193373,3537.1415870193373,3611.8248499666593,3611.8248499666593,3689.827369044973,3689.827369044973,3772.097503148848,3772.097503148848,3860.531970067422,3860.531970067422,3961,3961
220,220,520,9.72,11.35,68000,SR,2,2,,,5440.0,219,221,2720,2720,-1080.0,-920.0,3200,3200,3200.0,3200.0,3263.5400459361344,3263.5400459361344,3328.7397199377638,3328.7397199377638,3396.0732014521745,3396.0732014521745,3465.303400755724,3465.303400755724,3537.1415870193373,3537.1415870193373,3611.8248499666593,3611.8248499666593,3689.827369044973,3689.827369044973,3772.097503148848,3772.097503148848,3860.531970067422,3860.531970067422,3961,3961
221,221,520,11.35,12.05,91000,SR,2,2,,,7280.0,220,222,3640,3640,920.0,520.0,3200,3200,3200.0,3200.0,3263.5400459361344,3263.5400459361344,3328.7397199377638,3328.7397199377638,3396.0732014521745,3396.0732014521745,3465.303400755724,3465.303400755724,3537.1415870193373,3537.1415870193373,3611.8248499666593,3611.8248499666593,3689.827369044973,3689.827369044973,3772.097503148848,3772.097503148848,3860.531970067422,3860.531970067422,3961,3961
222,222,520,12.05,12.38,78000,SR,2,2,,,6240.0,221,223,3120,3120,-520.0,1640.0,3200,3200,3200.0,3200.0,3263.5400459361344,3263.5400459361344,3328.7397199377638,3328.7397199377638,3396.0732014521745,3396.0732014521745,3465.303400755724,3465.303400755724,3537.1415870193373,3537.1415870193373,3611.8248499666593,3611.8248499666593,3689.827369044973,3689.827369044973,3772.097503148848,3772.097503148848,3860.531970067422,3860.531970067422,3961,3961
223,223,520,12.38,12.83,37000,SR,2,2,,Terminus of SR 520,2960.0,222,-1,1480,1480,-1640.0,1480.0,3200,3200,3200.0,3200.0,3263.5400459361344,3263.5400459361344,3328.7397199377638,3328.7397199377638,3396.0732014521745,3396.0732014521745,3465.303400755724,3465.303400755724,3537.1415870193373,3537.1415870193373,3611.8248499666593,3611.8248499666593,3689.827369044973,3689.827369044973,3772.097503148848,3772.097503148848,3860.531970067422,3860.531970067422,3961,3961
